PETTY THEFT	2010-08-20 00:00:00	37.8094079	-122.2728426
NARCOTICS	2010-08-14 00:14:00	37.8146303	-122.2745305
NARCOTICS	2010-08-08 20:58:00	37.8078220	-122.2685270
VANDALISM	2010-08-08 20:57:00	37.8179441	-122.2755784
THREATS	2010-08-09 13:39:00	37.8073076	-122.2677862
PETTY THEFT	2010-07-19 12:15:00	37.8121816	-122.2766283
ROBBERY	2010-08-15 12:34:00	37.8036273	-122.2715953
MISDEMEANOR ASSAULT	2010-09-02 12:00:00	37.8091270	-122.2705310
MISDEMEANOR ASSAULT	2010-09-02 12:00:00	37.8091270	-122.2705310
MISDEMEANOR ASSAULT	2010-08-30 12:30:00	37.8127110	-122.2740497
BURG - RESIDENTIAL	2010-11-08 08:00:00	37.8043722	-122.2708026
PROSTITUTION	2010-11-09 14:58:00	37.8128117	-122.2762170
PROSTITUTION	2010-11-09 14:58:00	37.8128117	-122.2762170
PETTY THEFT	2010-11-08 18:00:00	37.8068540	-122.2744750
STOLEN VEHICLE	2010-08-16 17:00:00	37.8015503	-122.2640362
DRUNKENNESS	2010-10-06 20:30:00	37.8150004	-122.2721639
FELONY ASSAULT	2010-10-10 22:04:00	37.8029326	-122.2675742
ROBBERY	2010-08-17 04:25:00	37.8038555	-122.2699546
DOMESTIC VIOLENCE	2010-08-30 05:00:00	37.8066841	-122.2749895
MISDEMEANOR ASSAULT	2010-08-25 10:00:00	37.8110387	-122.2727471
ROBBERY	2010-10-11 06:06:00	37.8043722	-122.2708026
MISDEMEANOR ASSAULT	2010-08-15 04:00:00	37.8008496	-122.2732507
STOLEN VEHICLE	2010-09-03 17:00:00	37.8160809	-122.2777950
RECOVERED O/S STOLEN	2010-07-17 21:19:00	37.8102395	-122.2778479
STOLEN VEHICLE	2010-09-11 00:30:00	37.8097055	-122.2695138
VANDALISM	2010-09-19 15:40:00	37.8068540	-122.2744750
VANDALISM	2010-08-27 13:00:00	37.8183182	-122.2675062
ROBBERY	2010-08-27 22:30:00	37.8111644	-122.2798960
OTHER SEX OFFENSES	2010-10-18 19:00:00	37.8108846	-122.2734588
MISDEMEANOR ASSAULT	2010-11-02 09:00:00	37.8052812	-122.2736060
OTHER SEX OFFENSES	2010-10-18 19:00:00	37.8108846	-122.2734588
OTHER SEX OFFENSES	2010-10-18 19:00:00	37.8108846	-122.2734588
OTHER SEX OFFENSES	2010-10-18 19:00:00	37.8108846	-122.2734588
PETTY THEFT	2010-08-19 10:30:00	37.8183182	-122.2675062
ROBBERY	2010-11-01 23:07:00	37.8138614	-122.2742502
DOMESTIC VIOLENCE	2010-07-18 23:00:00	37.8134825	-122.2686075
DOMESTIC VIOLENCE	2010-10-14 20:00:00	37.8024517	-122.2634861
STOLEN VEHICLE	2010-08-25 05:30:00	37.8196639	-122.2709449
NARCOTICS	2010-08-14 00:14:00	37.8146303	-122.2745305
THREATS	2010-08-27 20:40:00	37.8018608	-122.2623691
STOLEN VEHICLE	2010-11-09 07:00:00	37.8043722	-122.2708026
STOLEN VEHICLE	2010-11-09 10:00:00	37.8029106	-122.2646558
MISDEMEANOR ASSAULT	2010-11-03 00:37:00	37.8088353	-122.2756493
DOMESTIC VIOLENCE	2010-11-03 00:05:00	37.8076317	-122.2794930
ROBBERY	2010-08-29 21:56:00	37.8043722	-122.2708026
PETTY THEFT	2010-09-01 08:30:00	37.8053566	-122.2645983
MISDEMEANOR ASSAULT	2010-09-08 08:30:00	37.8043722	-122.2708026
NARCOTICS	2010-10-22 22:23:00	37.8043722	-122.2708026
MISDEMEANOR ASSAULT	2010-08-17 00:00:00	37.8068540	-122.2744750
FELONY ASSAULT	2010-10-21 17:30:00	37.8138614	-122.2742502
BURG - AUTO	2010-07-23 20:00:00	37.8043722	-122.2708026
MISDEMEANOR ASSAULT	2010-11-01 10:00:00	37.8190772	-122.2672038
DOMESTIC VIOLENCE	2010-11-01 18:48:00	37.8102552	-122.2778438
ROBBERY	2010-08-23 05:05:00	37.8088089	-122.2666680
OTHER	2010-08-23 00:00:00	37.8068540	-122.2744750
FELONY ASSAULT	2010-10-21 17:30:00	37.8138614	-122.2742502
MISDEMEANOR ASSAULT	2010-07-18 02:28:00	37.8019793	-122.2652152
MISDEMEANOR ASSAULT	2010-11-03 02:00:00	37.8019767	-122.2652383
MISDEMEANOR ASSAULT	2010-08-13 16:44:00	37.8126160	-122.2688042
STOLEN VEHICLE	2010-08-12 08:15:00	37.8138179	-122.2705990
BURG - RESIDENTIAL	2010-10-17 19:00:00	37.8068540	-122.2744750
STOLEN VEHICLE	2010-11-01 17:30:00	37.8037636	-122.2612061
PETTY THEFT	2010-11-01 18:00:00	37.8114380	-122.2678961
NARCOTICS	2010-08-23 11:00:00	37.8043722	-122.2708026
FELONY ASSAULT	2010-08-23 14:45:00	37.8156675	-122.2640288
STOLEN VEHICLE	2010-08-23 14:15:00	37.8179140	-122.2651699
BURG - AUTO	2010-10-27 08:45:00	37.8070824	-122.2739435
FELONY ASSAULT	2010-07-20 13:45:00	37.8044326	-122.2709189
FELONY ASSAULT	2010-07-20 13:45:00	37.8044326	-122.2709189
MISDEMEANOR ASSAULT	2010-09-04 21:13:00	37.8007079	-122.2750010
NARCOTICS	2010-09-05 00:10:00	37.8169488	-122.2752508
FELONY ASSAULT	2010-09-10 17:30:00	37.8160809	-122.2777950
BURG - AUTO	2010-07-19 19:43:00	37.8183961	-122.2604841
BURG - AUTO	2010-07-19 19:43:00	37.8183961	-122.2604841
BURG - AUTO	2010-10-25 02:00:00	37.8076362	-122.2736099
OTHER	2010-07-19 00:00:00	37.8068540	-122.2744750
BURG - AUTO	2010-07-15 00:00:00	37.8068540	-122.2744750
ROBBERY	2010-11-09 23:30:00	37.8127110	-122.2740497
BURG - AUTO	2010-11-09 18:00:00	37.8083741	-122.2698804
NARCOTICS	2010-10-25 13:08:00	37.8110716	-122.2692416
NARCOTICS	2010-10-25 13:08:00	37.8110716	-122.2692416
MISDEMEANOR ASSAULT	2010-08-13 16:18:00	37.8137222	-122.2756514
BURG - COMMERCIAL	2010-08-29 17:30:00	37.8043722	-122.2708026
FELONY ASSAULT	2010-10-03 01:35:00	37.8075701	-122.2700503
STOLEN AND RECOVERED VEHICLE	2010-08-13 08:00:00	37.8043722	-122.2708026
DOMESTIC VIOLENCE	2010-10-13 08:30:00	37.8068540	-122.2744750
DOMESTIC VIOLENCE	2010-10-13 08:30:00	37.8068540	-122.2744750
STOLEN VEHICLE	2010-10-06 19:00:00	37.8156675	-122.2640288
BURG - AUTO	2010-07-19 19:39:00	37.8183961	-122.2604841
BURG - AUTO	2010-07-19 19:39:00	37.8183961	-122.2604841
VANDALISM	2010-07-29 13:00:00	37.8164491	-122.2752712
PROSTITUTION	2010-10-27 19:47:00	37.8043722	-122.2708026
BURG - AUTO	2010-10-22 18:30:00	37.8126209	-122.2687791
STOLEN VEHICLE	2010-08-15 02:45:00	37.8138614	-122.2742502
OTHER	2010-07-16 00:00:00	37.8068540	-122.2744750
RECOVERED O/S STOLEN	2010-11-09 11:20:00	37.8043722	-122.2708026
BURG - COMMERCIAL	2010-07-19 13:30:00	37.8078220	-122.2685270
STOLEN AND RECOVERED VEHICLE	2010-11-09 13:24:00	37.8043722	-122.2708026
ROBBERY	2010-07-19 15:42:00	37.8132843	-122.2725710
DOMESTIC VIOLENCE	2010-07-19 15:30:00	37.8134825	-122.2686075
DRUNKENNESS	2010-10-11 05:08:00	37.8043722	-122.2708026
DRUNKENNESS	2010-10-12 14:39:00	37.8126349	-122.2688220
PETTY THEFT	2010-10-09 00:00:00	37.8076362	-122.2736099
DRUNKENNESS	2010-10-04 23:32:00	37.8128373	-122.2614091
FELONY ASSAULT	2010-07-20 07:00:00	37.8036273	-122.2715953
DOMESTIC VIOLENCE	2010-07-19 04:00:00	37.8126650	-122.2715490
BURG - COMMERCIAL	2010-07-19 13:30:00	37.8078220	-122.2685270
BURG - COMMERCIAL	2010-07-19 13:30:00	37.8078220	-122.2685270
MISDEMEANOR ASSAULT	2010-08-16 10:15:00	37.8095961	-122.2695858
POSSESSION - STOLEN PROPERTY	2010-08-15 22:40:00	37.8058430	-122.2668030
PROSTITUTION	2010-10-27 18:24:00	37.8043722	-122.2708026
PROSTITUTION	2010-10-27 18:24:00	37.8043722	-122.2708026
GRAND THEFT	2010-07-30 10:00:00	37.8076362	-122.2736099
DOMESTIC VIOLENCE	2010-07-19 04:00:00	37.8126650	-122.2715490
PETTY THEFT	2010-07-16 18:00:00	37.8043722	-122.2708026
ROBBERY	2010-09-03 23:45:00	37.8043722	-122.2708026
DOMESTIC VIOLENCE	2010-09-04 23:43:00	37.8029326	-122.2675742
DOMESTIC VIOLENCE	2010-09-04 23:43:00	37.8029326	-122.2675742
NARCOTICS	2010-09-04 00:21:00	37.8159637	-122.2781187
ROBBERY	2010-08-11 17:55:00	37.8112563	-122.2604808
GRAND THEFT	2010-08-26 13:00:00	37.8024750	-122.2719230
BURG - AUTO	2010-09-19 21:50:00	37.8008835	-122.2688768
DOMESTIC VIOLENCE	2010-10-17 16:00:00	37.8154255	-122.2747306
MISDEMEANOR ASSAULT	2010-08-29 13:30:00	37.8066841	-122.2749895
DISORDERLY CONDUCT	2010-10-18 21:45:00	37.8154255	-122.2747306
BURG - AUTO	2010-10-04 21:30:00	37.8078888	-122.2723485
NARCOTICS	2010-09-26 01:59:00	37.8024995	-122.2753041
DRUNKENNESS	2010-10-13 16:33:00	37.8043722	-122.2708026
DRUNKENNESS	2010-10-13 20:15:00	37.8043722	-122.2708026
VANDALISM	2010-09-09 16:31:00	37.8154028	-122.2703074
MISDEMEANOR ASSAULT	2010-10-04 17:20:00	37.8164491	-122.2752712
OTHER SEX OFFENSES	2010-09-04 12:22:00	37.8019980	-122.2652395
MISDEMEANOR ASSAULT	2010-10-04 17:20:00	37.8164491	-122.2752712
MISDEMEANOR ASSAULT	2010-10-01 00:00:00	37.8068540	-122.2744750
VANDALISM	2010-09-22 00:00:00	37.8068540	-122.2744750
GRAND THEFT	2010-10-02 00:00:00	37.8068540	-122.2744750
KIDNAPPING	2010-09-04 22:00:00	37.8043722	-122.2708026
NARCOTICS	2010-09-05 08:50:00	37.8194907	-122.2698143
GRAND THEFT	2010-09-29 00:00:00	37.8043722	-122.2708026
ROBBERY	2010-09-19 00:30:00	37.8029484	-122.2720313
MISDEMEANOR ASSAULT	2010-09-19 17:20:00	37.8006861	-122.2749779
DISORDERLY CONDUCT	2010-08-05 11:00:00	37.8087943	-122.2726298
BURG - AUTO	2010-10-17 14:30:00	37.8001554	-122.2693418
PETTY THEFT	2010-09-16 00:00:00	37.8068540	-122.2744750
BURG - AUTO	2010-09-15 20:30:00	37.8014222	-122.2714622
BURG - AUTO	2010-09-15 23:00:00	37.8096208	-122.2646451
DOMESTIC VIOLENCE	2010-09-09 13:31:00	37.8111644	-122.2798960
PETTY THEFT	2010-08-25 16:00:00	37.8097055	-122.2695138
OTHER	2010-09-28 00:00:00	37.8068540	-122.2744750
BURG - AUTO	2010-07-29 00:00:00	37.8051406	-122.2647562
FELONY ASSAULT	2010-08-16 12:00:00	37.8150004	-122.2721639
NARCOTICS	2010-08-16 13:00:00	37.8110716	-122.2692416
DOMESTIC VIOLENCE	2010-08-14 00:00:00	37.8027056	-122.2692147
MISDEMEANOR ASSAULT	2010-08-14 18:28:00	37.8060466	-122.2699085
THREATS	2010-07-19 17:25:00	37.8149844	-122.2721171
VANDALISM	2010-09-15 13:00:00	37.8022485	-122.2680455
OTHER	2010-09-21 00:00:00	37.8068540	-122.2744750
GRAND THEFT	2010-10-28 16:00:00	37.8122870	-122.2657890
GRAND THEFT	2010-10-29 11:30:00	37.8062773	-122.2703864
DOMESTIC VIOLENCE	2010-09-27 21:30:00	37.8056418	-122.2766227
THREATS	2010-08-24 00:00:00	37.8175773	-122.2742574
MISDEMEANOR ASSAULT	2010-09-27 13:37:00	37.8145809	-122.2786277
MISDEMEANOR ASSAULT	2010-09-27 20:50:00	37.8126650	-122.2715490
BURG - COMMERCIAL	2010-08-26 02:00:00	37.8100338	-122.2675076
ROBBERY	2010-08-19 04:00:00	37.8097055	-122.2695138
BURG - AUTO	2010-08-10 16:08:00	37.8048290	-122.2767885
VANDALISM	2010-08-14 13:00:00	37.8065199	-122.2745692
DOMESTIC VIOLENCE	2010-08-16 00:00:00	37.8068540	-122.2744750
BURG - AUTO	2010-08-26 23:00:00	37.8032106	-122.2748694
PETTY THEFT	2010-08-27 07:10:00	37.8126209	-122.2687791
BURG - COMMERCIAL	2010-08-25 08:10:00	37.8004204	-122.2721235
GRAND THEFT	2010-10-06 21:15:00	37.8078220	-122.2685270
BURG - AUTO	2010-09-30 20:00:00	37.8071803	-122.2724230
STOLEN VEHICLE	2010-11-08 23:00:00	37.8123956	-122.2609289
ROBBERY	2010-10-30 02:30:00	37.8078761	-122.2723646
MISDEMEANOR ASSAULT	2010-08-09 13:20:00	37.8043722	-122.2708026
BURG - AUTO	2010-08-10 16:08:00	37.8048290	-122.2767885
ROBBERY	2010-09-24 00:00:00	37.8068540	-122.2744750
ROBBERY	2010-09-25 00:00:00	37.8068540	-122.2744750
PETTY THEFT	2010-10-01 00:00:00	37.8043722	-122.2708026
STOLEN VEHICLE	2010-08-14 11:30:00	37.8170633	-122.2788345
MISDEMEANOR ASSAULT	2010-08-11 12:25:00	37.8022485	-122.2680455
VANDALISM	2010-08-21 01:00:00	37.8024557	-122.2664262
MISDEMEANOR ASSAULT	2010-08-14 06:31:00	37.8162945	-122.2679769
BURG - RESIDENTIAL	2010-08-23 12:30:00	37.8173384	-122.2676337
BURG - RESIDENTIAL	2010-08-24 09:45:00	37.8029326	-122.2675742
GRAND THEFT	2010-08-26 09:15:00	37.8038768	-122.2699566
BURG - OTHER	2010-08-11 00:00:00	37.8116063	-122.2735303
PETTY THEFT	2010-08-11 00:00:00	37.8043722	-122.2708026
PETTY THEFT	2010-08-11 00:00:00	37.8043722	-122.2708026
GRAND THEFT	2010-08-25 20:30:00	37.8180455	-122.2797843
GRAND THEFT	2010-08-09 21:50:00	37.8006082	-122.2660799
ROBBERY	2010-07-17 22:20:00	37.8043722	-122.2708026
DOMESTIC VIOLENCE	2010-07-18 01:05:00	37.8078761	-122.2723646
CHILD ABUSE	2010-08-09 22:28:00	37.8095290	-122.2793480
PETTY THEFT	2010-10-01 11:30:00	37.8019510	-122.2723600
VANDALISM	2010-10-06 15:00:00	37.8170389	-122.2709984
STOLEN VEHICLE	2010-09-07 17:00:00	37.8123956	-122.2609289
VANDALISM	2010-07-25 00:00:00	37.8043722	-122.2708026
BURG - COMMERCIAL	2010-07-25 08:52:00	37.8156675	-122.2640288
BURG - AUTO	2010-10-29 17:15:00	37.8046797	-122.2635857
BURG - AUTO	2010-10-29 23:00:00	37.8181962	-122.2673832
PETTY THEFT	2010-10-07 00:00:00	37.8078220	-122.2685270
BURG - AUTO	2010-07-25 00:55:00	37.8051478	-122.2676887
DOMESTIC VIOLENCE	2010-08-29 10:57:00	37.8043722	-122.2708026
ROBBERY	2010-08-29 12:38:00	37.8043722	-122.2708026
MISDEMEANOR ASSAULT	2010-07-17 00:00:00	37.8052838	-122.2625181
FORCIBLE RAPE	2010-09-29 00:00:00	37.8029326	-122.2675742
FELONY ASSAULT	2010-10-29 18:45:00	37.8115213	-122.2770106
VANDALISM	2010-07-25 10:23:00	37.8146678	-122.2682643
OTHER	2010-10-01 00:00:00	37.8043722	-122.2708026
FELONY ASSAULT	2010-09-21 00:00:00	37.8109130	-122.2774461
PETTY THEFT	2010-10-05 00:00:00	37.8068540	-122.2744750
PROSTITUTION	2010-09-20 15:00:00	37.8013237	-122.2700621
FELONY ASSAULT	2010-09-20 16:25:00	37.8114132	-122.2796377
GRAND THEFT	2010-10-04 05:21:00	37.8091270	-122.2705310
PETTY THEFT	2010-10-29 07:00:00	37.8079985	-122.2762789
VANDALISM	2010-10-12 19:05:00	37.8100331	-122.2675342
GRAND THEFT	2010-10-13 21:35:00	37.8043722	-122.2708026
OTHER	2010-10-08 20:29:00	37.8138789	-122.2684639
STOLEN VEHICLE	2010-11-08 22:30:00	37.8043722	-122.2708026
DOMESTIC VIOLENCE	2010-07-24 20:20:00	37.8071008	-122.2739467
RECOVERED VEHICLE - OAKLAND STOLEN	2010-11-09 11:20:00	37.8043722	-122.2708026
BURG - AUTO	2010-08-20 05:05:00	37.8002163	-122.2782002
OTHER	2010-08-25 08:00:00	37.8068540	-122.2744750
PETTY THEFT	2010-07-25 14:30:00	37.8036273	-122.2715953
BURG - COMMERCIAL	2010-08-27 15:30:00	37.8011445	-122.2630318
ROBBERY	2010-10-08 15:00:00	37.8071181	-122.2721083
ROBBERY	2010-08-30 23:20:00	37.8126650	-122.2715490
BURG - RESIDENTIAL	2010-09-27 18:00:00	37.8111644	-122.2798960
BURG - RESIDENTIAL	2010-09-27 18:00:00	37.8111644	-122.2798960
BURG - RESIDENTIAL	2010-09-27 18:00:00	37.8111644	-122.2798960
NARCOTICS	2010-08-12 18:00:00	37.8043722	-122.2708026
ROBBERY	2010-07-24 11:50:00	37.8142867	-122.2723128
PETTY THEFT	2010-07-23 00:00:00	37.8122870	-122.2657890
MISDEMEANOR ASSAULT	2010-07-23 00:00:00	37.8068540	-122.2744750
VANDALISM	2010-08-01 10:00:00	37.8046808	-122.2635633
DISORDERLY CONDUCT	2010-07-23 19:34:00	37.8057360	-122.2747570
GRAND THEFT	2010-07-25 14:30:00	37.8113670	-122.2614230
FELONY WARRANT	2010-10-21 19:00:00	37.8043722	-122.2708026
POSSESSION - STOLEN PROPERTY	2010-10-21 18:30:00	37.8169924	-122.2716115
OTHER	2010-10-13 00:00:00	37.8043722	-122.2708026
DOMESTIC VIOLENCE	2010-09-20 13:30:00	37.8091460	-122.2714890
DOMESTIC VIOLENCE	2010-08-27 00:00:00	37.8114500	-122.2648230
DOMESTIC VIOLENCE	2010-08-26 15:00:00	37.8019793	-122.2652152
MISDEMEANOR ASSAULT	2010-08-06 00:00:00	37.8043722	-122.2708026
MISDEMEANOR ASSAULT	2010-10-11 14:35:00	37.8134106	-122.2647490
MISDEMEANOR ASSAULT	2010-08-10 00:00:00	37.8043722	-122.2708026
STOLEN VEHICLE	2010-07-18 00:00:00	37.8068540	-122.2744750
MISDEMEANOR ASSAULT	2010-08-30 20:00:00	37.8036273	-122.2715953
PETTY THEFT	2010-10-19 14:30:00	37.8145317	-122.2737927
VANDALISM	2010-08-26 17:45:00	37.8119790	-122.2689990
PETTY THEFT	2010-08-25 12:00:00	37.8068540	-122.2744750
OTHER	2010-08-05 22:27:00	37.8116361	-122.2630786
MISDEMEANOR ASSAULT	2010-08-06 22:30:00	37.8173384	-122.2676337
OTHER	2010-08-07 00:00:00	37.8068540	-122.2744750
MISDEMEANOR ASSAULT	2010-08-11 09:00:00	37.8068540	-122.2744750
BURG - AUTO	2010-08-25 06:30:00	37.8037415	-122.2611735
DRUNKENNESS	2010-09-03 00:00:00	37.8146678	-122.2682643
BURG - AUTO	2010-08-12 08:00:00	37.8037415	-122.2611735
ROBBERY	2010-08-02 19:00:00	37.8092619	-122.2737180
GRAND THEFT	2010-07-23 00:00:00	37.8068540	-122.2744750
PETTY THEFT	2010-07-18 11:00:00	37.8068540	-122.2744750
OTHER	2010-07-21 00:00:00	37.8169750	-122.2773820
OTHER	2010-07-21 00:00:00	37.8169750	-122.2773820
OTHER	2010-07-18 00:00:00	37.8068540	-122.2744750
VANDALISM	2010-07-23 14:25:00	37.8073076	-122.2677862
GRAND THEFT	2010-08-17 19:25:00	37.8050533	-122.2751869
BURG - AUTO	2010-07-24 00:30:00	37.8015500	-122.2713823
ROBBERY	2010-10-19 06:00:00	37.8109161	-122.2669624
DOMESTIC VIOLENCE	2010-11-09 18:30:00	37.8083741	-122.2698804
DOMESTIC VIOLENCE	2010-11-09 19:10:00	37.8043722	-122.2708026
BURG - AUTO	2010-07-22 23:00:00	37.8063385	-122.2719390
BURG - AUTO	2010-07-23 20:00:00	37.8043722	-122.2708026
BURG - AUTO	2010-07-24 01:00:00	37.8048242	-122.2693646
BURG - RESIDENTIAL	2010-07-30 10:30:00	37.8175809	-122.2730480
BURG - AUTO	2010-07-29 18:15:00	37.8071008	-122.2739467
VANDALISM	2010-07-30 00:40:00	37.8004091	-122.2720945
BURG - AUTO	2010-07-29 18:15:00	37.8071008	-122.2739467
DOMESTIC VIOLENCE	2010-07-19 07:00:00	37.8043722	-122.2708026
PETTY THEFT	2010-07-23 16:35:00	37.8029484	-122.2720313
ROBBERY	2010-09-20 16:00:00	37.8006287	-122.2704912
PETTY THEFT	2010-07-23 17:25:00	37.8029484	-122.2720313
ROBBERY	2010-08-11 15:30:00	37.8146678	-122.2682643
VANDALISM	2010-10-20 02:56:00	37.8044326	-122.2709189
GRAND THEFT	2010-07-21 10:05:00	37.8093061	-122.2627678
VANDALISM	2010-08-25 02:55:00	37.8068540	-122.2744750
STOLEN VEHICLE	2010-08-31 02:00:00	37.8043722	-122.2708026
MISDEMEANOR ASSAULT	2010-09-18 00:00:00	37.8068540	-122.2744750
MISDEMEANOR ASSAULT	2010-09-08 14:20:00	37.8068540	-122.2744750
BURG - OTHER	2010-09-14 00:00:00	37.8060460	-122.2748400
ROBBERY	2010-09-08 00:00:00	37.8156748	-122.2719734
MISDEMEANOR ASSAULT	2010-09-11 00:00:00	37.8066841	-122.2749895
MISDEMEANOR ASSAULT	2010-09-02 00:00:00	37.8068540	-122.2744750
PETTY THEFT	2010-08-31 08:55:00	37.8043722	-122.2708026
VANDALISM	2010-08-11 04:10:00	37.8088353	-122.2756493
OTHER	2010-10-13 00:00:00	37.8043722	-122.2708026
BURG - AUTO	2010-10-20 00:00:00	37.8029326	-122.2675742
GRAND THEFT	2010-08-19 14:00:00	37.8000057	-122.2798292
MISDEMEANOR ASSAULT	2010-10-15 00:00:00	37.8068540	-122.2744750
GRAND THEFT	2010-09-20 09:03:00	37.8023070	-122.2769450
BURG - AUTO	2010-10-12 05:25:00	37.8016075	-122.2773455
BURG - RESIDENTIAL	2010-09-20 06:48:00	37.8034090	-122.2729180
BURG - RESIDENTIAL	2010-09-18 20:00:00	37.8163680	-122.2603530
NARCOTICS	2010-10-04 13:12:00	37.8115402	-122.2770353
BURG - RESIDENTIAL	2010-09-13 17:00:00	37.8068540	-122.2744750
ROBBERY	2010-09-30 14:30:00	37.8068540	-122.2744750
PETTY THEFT	2010-10-04 00:00:00	37.8068540	-122.2744750
DOMESTIC VIOLENCE	2010-09-25 18:00:00	37.8068540	-122.2744750
NARCOTICS	2010-10-07 22:00:00	37.8126650	-122.2715490
OTHER SEX OFFENSES	2010-10-16 23:00:00	37.8043722	-122.2708026
MISDEMEANOR ASSAULT	2010-10-17 23:15:00	37.8114336	-122.2620475
ROBBERY	2010-10-17 23:20:00	37.8136805	-122.2673135
OTHER SEX OFFENSES	2010-09-25 18:20:00	37.8137222	-122.2756514
STOLEN VEHICLE	2010-09-24 08:15:00	37.8115402	-122.2770353
NARCOTICS	2010-09-26 12:52:00	37.8043722	-122.2708026
NARCOTICS	2010-09-26 12:52:00	37.8043722	-122.2708026
MISDEMEANOR ASSAULT	2010-09-26 02:30:00	37.8126650	-122.2715490
BURG - OTHER	2010-10-04 00:00:00	37.8068540	-122.2744750
OTHER	2010-09-28 00:00:00	37.8068540	-122.2744750
VANDALISM	2010-07-15 20:00:00	37.8104642	-122.2783696
VANDALISM	2010-07-20 05:30:00	37.8096038	-122.2646371
BURG - RESIDENTIAL	2010-10-04 01:00:00	37.8068540	-122.2744750
STOLEN VEHICLE	2010-09-20 08:30:00	37.8052866	-122.2780090
BURG - COMMERCIAL	2010-09-17 22:00:00	37.8034090	-122.2729180
OTHER	2010-10-29 00:00:00	37.8068540	-122.2744750
BURG - AUTO	2010-11-08 00:00:00	37.8043722	-122.2708026
ROBBERY	2010-09-11 07:25:00	37.8169924	-122.2716115
PETTY THEFT	2010-08-24 10:05:00	37.8004204	-122.2721235
MISDEMEANOR ASSAULT	2010-11-08 11:01:00	37.8134825	-122.2686075
OTHER	2010-08-20 10:30:00	37.8062773	-122.2703864
BURG - AUTO	2010-09-03 23:00:00	37.8078246	-122.2690874
VANDALISM	2010-08-15 20:15:00	37.8068540	-122.2744750
OTHER	2010-10-19 16:25:00	37.8177635	-122.2649511
ARSON	2010-11-05 14:30:00	37.8003607	-122.2632526
NARCOTICS	2010-09-03 11:43:00	37.8022881	-122.2769205
PETTY THEFT	2010-09-03 00:00:00	37.8068540	-122.2744750
PETTY THEFT	2010-08-16 00:00:00	37.8059350	-122.2633000
VANDALISM	2010-08-24 00:00:00	37.8068540	-122.2744750
MISDEMEANOR ASSAULT	2010-09-02 08:00:00	37.8126650	-122.2715490
NARCOTICS	2010-11-07 23:08:00	37.8159809	-122.2781236
MISDEMEANOR ASSAULT	2010-08-04 18:00:00	37.8180455	-122.2797843
FELONY ASSAULT	2010-11-08 03:58:00	37.8173384	-122.2676337
DOMESTIC VIOLENCE	2010-08-05 15:30:00	37.8043079	-122.2711613
FELONY ASSAULT	2010-11-08 03:58:00	37.8173384	-122.2676337
STOLEN VEHICLE	2010-10-07 17:26:00	37.8156675	-122.2640288
DISORDERLY CONDUCT	2010-08-18 00:00:00	37.8029683	-122.2764594
MISDEMEANOR ASSAULT	2010-08-14 00:00:00	37.8068540	-122.2744750
DOMESTIC VIOLENCE	2010-08-24 01:00:00	37.8138614	-122.2742502
ROBBERY	2010-08-24 03:45:00	37.8118670	-122.2793110
OTHER	2010-09-01 00:00:00	37.8068540	-122.2744750
BURG - AUTO	2010-08-19 00:00:00	37.8068540	-122.2744750
GRAND THEFT	2010-08-24 00:00:00	37.8068540	-122.2744750
BURG - COMMERCIAL	2010-08-25 00:00:00	37.8100338	-122.2675076
BURG - RESIDENTIAL	2010-09-01 00:00:00	37.8100338	-122.2675076
MISDEMEANOR ASSAULT	2010-08-31 00:00:00	37.8061122	-122.2705306
PETTY THEFT	2010-10-04 01:15:00	37.8084347	-122.2660490
MISDEMEANOR ASSAULT	2010-10-04 00:27:00	37.8022485	-122.2680455
NARCOTICS	2010-07-26 14:40:00	37.8138299	-122.2770581
ROBBERY	2010-10-10 17:40:00	37.8087943	-122.2726298
PETTY THEFT	2010-08-10 00:00:00	37.8001554	-122.2693199
OTHER	2010-08-09 00:00:00	37.8068540	-122.2744750
ROBBERY	2010-10-09 22:30:00	37.8109579	-122.2671422
NARCOTICS	2010-08-06 09:30:00	37.8196880	-122.2758500
PETTY THEFT	2010-08-05 00:00:00	37.8029106	-122.2646558
BURG - RESIDENTIAL	2010-08-06 09:52:00	37.8154028	-122.2703074
VANDALISM	2010-08-07 21:20:00	37.8019793	-122.2652152
STOLEN VEHICLE	2010-08-05 21:00:00	37.8000479	-122.2750550
MISDEMEANOR ASSAULT	2010-08-05 22:30:00	37.8066841	-122.2749895
GRAND THEFT	2010-08-23 17:00:00	37.8084347	-122.2660490
OTHER	2010-07-30 06:00:00	37.8029484	-122.2720313
DOMESTIC VIOLENCE	2010-09-03 07:44:00	37.8190772	-122.2672038
BURG - AUTO	2010-09-30 23:45:00	37.8022301	-122.2680427
BURG - AUTO	2010-09-30 21:00:00	37.8013521	-122.2745590
MISDEMEANOR ASSAULT	2010-08-09 20:45:00	37.8096038	-122.2646371
GRAND THEFT	2010-08-19 18:45:00	37.8134106	-122.2647490
NARCOTICS	2010-10-14 13:22:00	37.8110716	-122.2692416
OTHER	2010-09-14 00:00:00	37.8068540	-122.2744750
BURG - RESIDENTIAL	2010-08-17 00:00:00	37.8068540	-122.2744750
OTHER	2010-08-17 00:00:00	37.8068540	-122.2744750
MISDEMEANOR ASSAULT	2010-08-14 18:30:00	37.8116184	-122.2726946
PETTY THEFT	2010-08-30 00:00:00	37.8068540	-122.2744750
BURG - AUTO	2010-10-01 01:40:00	37.8029297	-122.2675976
PETTY THEFT	2010-08-31 00:00:00	37.8080031	-122.2645466
NARCOTICS	2010-09-13 19:56:00	37.8159637	-122.2781187
VANDALISM	2010-07-23 08:30:00	37.8071296	-122.2720921
BURG - AUTO	2010-09-30 03:00:00	37.8086513	-122.2744340
GRAND THEFT	2010-09-30 11:30:00	37.8043079	-122.2711613
GRAND THEFT	2010-09-30 12:35:00	37.8019510	-122.2723600
DOMESTIC VIOLENCE	2010-08-26 05:00:00	37.8048425	-122.2693675
MISDEMEANOR ASSAULT	2010-08-26 06:00:00	37.8029326	-122.2675742
DOMESTIC VIOLENCE	2010-10-31 02:34:00	37.8157194	-122.2750432
PETTY THEFT	2010-08-18 00:00:00	37.8126650	-122.2715490
DRUNKENNESS	2010-10-03 03:48:00	37.8043722	-122.2708026
BURG - RESIDENTIAL	2010-08-12 11:00:00	37.8190938	-122.2770022
BURG - AUTO	2010-08-07 00:00:00	37.8066744	-122.2697851
MISDEMEANOR ASSAULT	2010-08-13 00:00:00	37.8068540	-122.2744750
NARCOTICS	2010-08-18 11:00:00	37.8154028	-122.2703074
DOMESTIC VIOLENCE	2010-10-21 23:30:00	37.8133760	-122.2654238
ARSON	2010-08-16 01:00:00	37.8057360	-122.2747570
OTHER	2010-07-22 00:00:00	37.8068540	-122.2744750
OTHER	2010-07-22 00:00:00	37.8068540	-122.2744750
PETTY THEFT	2010-10-29 07:30:00	37.8084347	-122.2660490
NARCOTICS	2010-10-30 22:38:00	37.8142901	-122.2722881
ROBBERY	2010-10-13 23:50:00	37.8043722	-122.2708026
BURG - AUTO	2010-08-24 01:15:00	37.8071181	-122.2721083
BURG - AUTO	2010-08-24 01:00:00	37.8063385	-122.2719390
PETTY THEFT	2010-08-25 09:45:00	37.8148427	-122.2645126
ROBBERY	2010-10-21 13:50:00	37.8006082	-122.2660799
PETTY THEFT	2010-10-01 00:00:00	37.8173384	-122.2676337
GRAND THEFT	2010-10-21 16:15:00	37.8126209	-122.2687791
MISDEMEANOR ASSAULT	2010-10-22 00:00:00	37.8068540	-122.2744750
MISDEMEANOR ASSAULT	2010-10-22 00:00:00	37.8057050	-122.2720860
PETTY THEFT	2010-08-13 00:00:00	37.8068540	-122.2744750
GRAND THEFT	2010-07-20 09:00:00	37.8068540	-122.2744750
BURG - COMMERCIAL	2010-08-03 19:45:00	37.8060460	-122.2748400
STOLEN VEHICLE	2010-11-08 10:00:00	37.8082108	-122.2696972
PETTY THEFT	2010-09-20 00:30:00	37.8134825	-122.2686075
BURG - COMMERCIAL	2010-08-25 19:00:00	37.8100338	-122.2675076
BURG - RESIDENTIAL	2010-08-26 04:25:00	37.8065802	-122.2697398
PETTY THEFT	2010-08-05 17:00:00	37.8064195	-122.2743559
GRAND THEFT	2010-10-07 17:00:00	37.8175785	-122.2637532
MISDEMEANOR ASSAULT	2010-10-04 00:00:00	37.8160110	-122.2616320
NARCOTICS	2010-08-18 00:01:00	37.8056418	-122.2766227
BURG - AUTO	2010-08-07 04:00:00	37.8066744	-122.2697851
BURG - AUTO	2010-08-07 04:00:00	37.8066744	-122.2697851
FELONY ASSAULT	2010-10-13 21:30:00	37.8043722	-122.2708026
NARCOTICS	2010-08-18 22:46:00	37.8056418	-122.2766227
NARCOTICS	2010-08-18 22:46:00	37.8056418	-122.2766227
OTHER	2010-08-17 00:00:00	37.8068540	-122.2744750
PETTY THEFT	2010-08-18 00:00:00	37.8068540	-122.2744750
VANDALISM	2010-08-07 00:00:00	37.8011445	-122.2630318
BURG - AUTO	2010-09-13 03:06:00	37.8043722	-122.2708026
OTHER	2010-10-12 00:00:00	37.8068540	-122.2744750
VANDALISM	2010-08-30 20:00:00	37.8017822	-122.2668523
VANDALISM	2010-09-02 23:00:00	37.8133076	-122.2649126
OTHER	2010-10-09 00:00:00	37.8068540	-122.2744750
BURG - AUTO	2010-09-18 22:25:00	37.8104642	-122.2783696
BURG - AUTO	2010-09-18 02:30:00	37.8076178	-122.2736068
PETTY THEFT	2010-09-20 22:10:00	37.8084347	-122.2660490
BURG - AUTO	2010-09-20 19:00:00	37.8071181	-122.2721083
PETTY THEFT	2010-08-20 00:00:00	37.8084347	-122.2660490
GRAND THEFT	2010-09-25 18:15:00	37.8068540	-122.2744750
PROSTITUTION	2010-08-04 15:28:00	37.8043722	-122.2708026
PROSTITUTION	2010-08-04 16:03:00	37.8043722	-122.2708026
PROSTITUTION	2010-08-04 16:35:00	37.8043722	-122.2708026
RECOVERED O/S STOLEN	2010-08-06 11:37:00	37.8068518	-122.2702542
VANDALISM	2010-07-24 00:00:00	37.8056418	-122.2766227
PETTY THEFT	2010-09-16 22:00:00	37.8076362	-122.2736099
ROBBERY	2010-09-17 12:25:00	37.8054850	-122.2664460
FELONY ASSAULT	2010-09-17 05:45:00	37.8043722	-122.2708026
FORCIBLE RAPE	2010-09-09 23:30:00	37.8060460	-122.2748400
MISDEMEANOR ASSAULT	2010-11-07 23:59:00	37.8114800	-122.2687150
HOMICIDE	2010-11-08 19:27:00	37.8154028	-122.2703074
HOMICIDE	2010-11-08 19:27:00	37.8154028	-122.2703074
GRAND THEFT	2010-10-06 00:00:00	37.8068540	-122.2744750
GRAND THEFT	2010-07-27 00:00:00	37.8068540	-122.2744750
GRAND THEFT	2010-07-27 00:00:00	37.8068540	-122.2744750
BURG - AUTO	2010-07-19 13:45:00	37.8029106	-122.2646558
PETTY THEFT	2010-11-08 11:30:00	37.8068540	-122.2744750
DOMESTIC VIOLENCE	2010-09-11 03:15:00	37.8130746	-122.2713179
DOMESTIC VIOLENCE	2010-09-11 04:00:00	37.8115213	-122.2770106
ROBBERY	2010-09-10 21:00:00	37.8027394	-122.2662281
ROBBERY	2010-09-11 13:20:00	37.8179441	-122.2755784
BURG - AUTO	2010-10-17 11:10:00	37.8024557	-122.2664262
DOMESTIC VIOLENCE	2010-08-25 16:00:00	37.8138614	-122.2742502
GRAND THEFT	2010-08-27 13:00:00	37.8043722	-122.2708026
GRAND THEFT	2010-11-07 10:15:00	37.8126209	-122.2687791
OTHER	2010-11-05 00:00:00	37.8068540	-122.2744750
VANDALISM	2010-11-07 21:00:00	37.8068540	-122.2744750
OTHER	2010-10-29 00:00:00	37.8068540	-122.2744750
BURG - RESIDENTIAL	2010-11-08 10:40:00	37.8172933	-122.2798615
GRAND THEFT	2010-10-08 12:00:00	37.8068540	-122.2744750
NARCOTICS	2010-10-13 13:41:00	37.8156210	-122.2676100
GRAND THEFT	2010-07-29 18:40:00	37.8008512	-122.2732760
FELONY ASSAULT	2010-11-06 19:48:00	37.8114800	-122.2687150
MISDEMEANOR ASSAULT	2010-11-06 22:00:00	37.8060460	-122.2748400
DOMESTIC VIOLENCE	2010-11-06 23:20:00	37.8037636	-122.2612061
FELONY ASSAULT	2010-11-07 00:05:00	37.8143879	-122.2683867
PETTY THEFT	2010-08-23 19:10:00	37.8084347	-122.2660490
VANDALISM	2010-09-18 12:00:00	37.8177635	-122.2649511
NARCOTICS	2010-11-06 16:40:00	37.8164491	-122.2752712
NARCOTICS	2010-11-06 16:40:00	37.8164491	-122.2752712
PETTY THEFT	2010-08-02 01:00:00	37.8091270	-122.2705310
PETTY THEFT	2010-08-01 16:20:00	37.8034010	-122.2731010
ARSON	2010-11-06 04:03:00	37.8191659	-122.2738016
DOMESTIC VIOLENCE	2010-11-06 03:15:00	37.8139730	-122.2759570
VANDALISM	2010-09-14 14:00:00	37.8052866	-122.2780090
VANDALISM	2010-09-14 13:35:00	37.8001507	-122.2649131
BURG - AUTO	2010-09-14 22:25:00	37.8075870	-122.2700936
MISDEMEANOR ASSAULT	2010-09-11 20:55:00	37.8126650	-122.2715490
PETTY THEFT	2010-07-31 21:30:00	37.8015500	-122.2713823
BURG - RESIDENTIAL	2010-07-25 00:00:00	37.8029326	-122.2675742
BURG - AUTO	2010-08-18 01:40:00	37.8108846	-122.2734588
BURG - AUTO	2010-09-06 23:40:00	37.8075870	-122.2700936
MISDEMEANOR ASSAULT	2010-09-07 00:00:00	37.8043722	-122.2708026
DOMESTIC VIOLENCE	2010-07-28 16:10:00	37.8114336	-122.2620475
BURG - AUTO	2010-07-29 10:30:00	37.8039243	-122.2654911
GRAND THEFT	2010-07-31 12:00:00	37.8082108	-122.2696972
PETTY THEFT	2010-08-02 09:05:00	37.8043722	-122.2708026
ROBBERY	2010-07-23 03:30:00	37.8075701	-122.2700503
NARCOTICS	2010-09-07 16:18:00	37.8116900	-122.2716480
BURG - RESIDENTIAL	2010-08-06 15:45:00	37.8179140	-122.2651699
ROBBERY	2010-07-26 22:40:00	37.8054953	-122.2630814
DOMESTIC VIOLENCE	2010-10-19 11:00:00	37.8068540	-122.2744750
GRAND THEFT	2010-07-29 18:20:00	37.8043722	-122.2708026
GRAND THEFT	2010-08-05 17:00:00	37.8029484	-122.2720313
VANDALISM	2010-08-10 19:30:00	37.8039143	-122.2670046
VANDALISM	2010-11-06 01:48:00	37.8006861	-122.2749779
VANDALISM	2010-11-01 23:15:00	37.8057050	-122.2720860
GRAND THEFT	2010-10-13 22:45:00	37.8004204	-122.2721235
BURG - AUTO	2010-08-01 18:00:00	37.8054770	-122.2630778
MISDEMEANOR ASSAULT	2010-09-04 00:00:00	37.8024517	-122.2634861
FELONY ASSAULT	2010-08-24 13:00:00	37.8187583	-122.2693813
OTHER	2010-08-16 00:00:00	37.8154028	-122.2703074
OTHER	2010-08-16 00:00:00	37.8154028	-122.2703074
DRUNKENNESS	2010-09-30 00:00:00	37.8155315	-122.2747620
TOWED VEHICLE	2010-07-26 17:26:00	37.8043722	-122.2708026
VANDALISM	2010-08-07 12:00:00	37.8109130	-122.2774461
GRAND THEFT	2010-08-09 13:45:00	37.8068540	-122.2744750
VANDALISM	2010-08-09 10:00:00	37.8126349	-122.2688220
VANDALISM	2010-08-09 06:00:00	37.8126349	-122.2688220
ROBBERY	2010-07-26 22:05:00	37.8180455	-122.2797843
BURG - AUTO	2010-09-14 22:10:00	37.8078761	-122.2723646
BURG - RESIDENTIAL	2010-09-30 10:30:00	37.8068540	-122.2744750
OTHER	2010-09-03 23:30:00	37.8066841	-122.2749895
OTHER	2010-11-01 14:29:00	37.8029683	-122.2764594
ROBBERY	2010-11-01 18:56:00	37.8138789	-122.2684639
DOMESTIC VIOLENCE	2010-07-23 08:52:00	37.8137981	-122.2704686
FELONY ASSAULT	2010-08-24 00:30:00	37.8061122	-122.2705306
HOMICIDE	2010-07-18 23:32:00	37.8069520	-122.2662850
HOMICIDE	2010-07-18 23:32:00	37.8069520	-122.2662850
DOMESTIC VIOLENCE	2010-07-17 21:03:00	37.8143879	-122.2683867
BURG - RESIDENTIAL	2010-11-04 08:25:00	37.8043722	-122.2708026
DOMESTIC VIOLENCE	2010-11-04 19:10:00	37.8168928	-122.2677283
GRAND THEFT	2010-08-10 10:27:00	37.8068540	-122.2744750
ROBBERY	2010-08-23 23:30:00	37.8001738	-122.2693447
FELONY ASSAULT	2010-08-22 21:30:00	37.8156675	-122.2640288
DOMESTIC VIOLENCE	2010-07-26 01:54:00	37.8066841	-122.2749895
FELONY ASSAULT	2010-10-22 00:00:00	37.8138614	-122.2742502
VANDALISM	2010-07-23 22:30:00	37.8060947	-122.2705205
NARCOTICS	2010-08-25 12:14:00	37.8110716	-122.2692416
VANDALISM	2010-07-25 01:00:00	37.8134106	-122.2647490
BURG - AUTO	2010-07-23 20:00:00	37.8131839	-122.2637977
MISDEMEANOR ASSAULT	2010-09-30 14:40:00	37.8063791	-122.2654119
NARCOTICS	2010-09-30 17:50:00	37.8157300	-122.2746249
BURG - AUTO	2010-08-23 23:30:00	37.8076178	-122.2736068
DOMESTIC VIOLENCE	2010-08-23 23:10:00	37.8180455	-122.2797843
OTHER	2010-08-09 00:00:00	37.8068540	-122.2744750
MISDEMEANOR ASSAULT	2010-09-05 00:00:00	37.8068540	-122.2744750
PETTY THEFT	2010-09-09 12:00:00	37.8157194	-122.2750432
PETTY THEFT	2010-08-03 09:00:00	37.8114800	-122.2687150
MISDEMEANOR ASSAULT	2010-10-06 17:49:00	37.8138789	-122.2684639
DOMESTIC VIOLENCE	2010-09-02 12:12:00	37.8043722	-122.2708026
GRAND THEFT	2010-08-27 19:35:00	37.8141354	-122.2651696
PETTY THEFT	2010-08-27 16:00:00	37.8080235	-122.2643085
DOMESTIC VIOLENCE	2010-10-05 17:20:00	37.8155315	-122.2747620
STOLEN VEHICLE	2010-09-02 12:48:00	37.8068540	-122.2744750
MISDEMEANOR ASSAULT	2010-09-16 08:00:00	37.8124083	-122.2676333
NARCOTICS	2010-09-02 12:03:00	37.8143879	-122.2683867
NARCOTICS	2010-09-02 12:03:00	37.8143879	-122.2683867
NARCOTICS	2010-09-02 13:20:00	37.8115024	-122.2735207
OTHER	2010-09-01 00:00:00	37.8068540	-122.2744750
PETTY THEFT	2010-09-02 00:00:00	37.8068540	-122.2744750
PETTY THEFT	2010-09-14 00:00:00	37.8068540	-122.2744750
GRAND THEFT	2010-10-20 00:00:00	37.8068540	-122.2744750
OTHER	2010-09-24 00:00:00	37.8068540	-122.2744750
MISDEMEANOR ASSAULT	2010-09-14 20:28:00	37.8043722	-122.2708026
BURG - AUTO	2010-08-03 10:40:00	37.8175785	-122.2637532
BURG - AUTO	2010-08-03 10:40:00	37.8175785	-122.2637532
PETTY THEFT	2010-08-15 01:30:00	37.8024557	-122.2664262
MISDEMEANOR ASSAULT	2010-09-16 11:50:00	37.8157194	-122.2750432
STOLEN VEHICLE	2010-10-19 07:00:00	37.8111644	-122.2798960
PETTY THEFT	2010-09-10 00:00:00	37.8068540	-122.2744750
GRAND THEFT	2010-09-10 00:00:00	37.8068540	-122.2744750
MISDEMEANOR ASSAULT	2010-11-02 22:56:00	37.8088553	-122.2729108
DRUNKENNESS	2010-10-07 12:15:00	37.8043722	-122.2708026
MISDEMEANOR ASSAULT	2010-11-02 22:56:00	37.8088553	-122.2729108
DRUNKENNESS	2010-10-08 18:30:00	37.8043722	-122.2708026
GRAND THEFT	2010-10-22 23:35:00	37.8020779	-122.2785337
OTHER	2010-09-20 12:45:00	37.8047150	-122.2738190
VANDALISM	2010-08-24 22:45:00	37.8091270	-122.2705310
VANDALISM	2010-08-24 22:45:00	37.8091270	-122.2705310
ARSON	2010-08-24 20:00:00	37.8118683	-122.2641299
MISDEMEANOR ASSAULT	2010-09-30 00:00:00	37.8068540	-122.2744750
GRAND THEFT	2010-09-30 00:00:00	37.8068540	-122.2744750
NARCOTICS	2010-09-30 12:48:00	37.8110716	-122.2692416
ROBBERY	2010-08-24 12:20:00	37.8068540	-122.2744750
DISORDERLY CONDUCT	2010-08-25 00:00:00	37.8123956	-122.2609289
BURG - AUTO	2010-10-08 08:45:00	37.8063791	-122.2654119
BURG - AUTO	2010-10-14 09:00:00	37.8013086	-122.2656518
GRAND THEFT	2010-10-20 15:15:00	37.8015277	-122.2728425
BURG - OTHER	2010-09-14 02:00:00	37.8075870	-122.2700936
OTHER	2010-09-28 00:00:00	37.8068540	-122.2744750
PETTY THEFT	2010-09-30 11:15:00	37.8174275	-122.2629147
PETTY THEFT	2010-09-30 11:30:00	37.8078220	-122.2685270
PETTY THEFT	2010-07-15 16:00:00	37.8169750	-122.2773820
MISDEMEANOR ASSAULT	2010-10-06 19:30:00	37.8150004	-122.2721639
ROBBERY	2010-10-06 21:45:00	37.8121816	-122.2766283
ROBBERY	2010-10-06 23:30:00	37.8043730	-122.2681801
NARCOTICS	2010-09-29 11:50:00	37.8154028	-122.2703074
NARCOTICS	2010-09-29 11:50:00	37.8154028	-122.2703074
OTHER	2010-08-08 00:00:00	37.8066841	-122.2749895
MISDEMEANOR ASSAULT	2010-10-15 18:16:00	37.8156675	-122.2640288
BURG - AUTO	2010-10-16 00:00:00	37.8013063	-122.2722687
BURG - AUTO	2010-10-16 09:00:00	37.8013063	-122.2722687
MISDEMEANOR ASSAULT	2010-08-19 10:00:00	37.8001738	-122.2693447
BURG - COMMERCIAL	2010-09-15 18:40:00	37.8163680	-122.2603530
BURG - AUTO	2010-10-17 21:35:00	37.8112893	-122.2691460
PETTY THEFT	2010-09-26 15:00:00	37.8146672	-122.2682883
PETTY THEFT	2010-09-27 15:00:00	37.8146672	-122.2682883
PETTY THEFT	2010-09-09 14:00:00	37.8177737	-122.2785750
GRAND THEFT	2010-10-20 09:00:00	37.8019510	-122.2723600
VANDALISM	2010-10-20 11:00:00	37.8113670	-122.2614230
ROBBERY	2010-09-01 10:00:00	37.8090318	-122.2681906
FELONY ASSAULT	2010-09-01 20:22:00	37.8130746	-122.2713179
NARCOTICS	2010-11-06 19:13:00	37.8150851	-122.2682110
FELONY ASSAULT	2010-11-06 18:49:00	37.8187583	-122.2693813
THREATS	2010-10-19 00:00:00	37.8068540	-122.2744750
MISDEMEANOR ASSAULT	2010-08-14 13:00:00	37.8088286	-122.2729009
PETTY THEFT	2010-08-22 00:00:00	37.8043722	-122.2708026
DOMESTIC VIOLENCE	2010-08-22 22:00:00	37.8194494	-122.2670430
DOMESTIC VIOLENCE	2010-09-29 09:50:00	37.8190772	-122.2672038
FELONY ASSAULT	2010-09-01 12:00:00	37.8088089	-122.2666680
STOLEN VEHICLE	2010-09-01 11:00:00	37.8073076	-122.2677862
MISDEMEANOR ASSAULT	2010-10-31 02:00:00	37.8082108	-122.2696972
VANDALISM	2010-07-23 01:00:00	37.8022302	-122.2680209
GRAND THEFT	2010-08-22 21:00:00	37.8115639	-122.2667631
PETTY THEFT	2010-08-21 19:00:00	37.8038979	-122.2744704
STOLEN VEHICLE	2010-09-27 22:00:00	37.8024517	-122.2634861
OTHER	2010-09-15 06:00:00	37.8114800	-122.2687150
PETTY THEFT	2010-08-22 14:30:00	37.8099591	-122.2780298
STOLEN AND RECOVERED VEHICLE	2010-09-14 21:00:00	37.8068540	-122.2744750
PETTY THEFT	2010-09-15 12:30:00	37.8078220	-122.2685270
ROBBERY	2010-09-22 18:50:00	37.8006287	-122.2704912
DOMESTIC VIOLENCE	2010-08-09 00:18:00	37.8172104	-122.2755280
NARCOTICS	2010-08-09 00:22:00	37.8126209	-122.2687791
BURG - AUTO	2010-07-24 01:00:00	37.8003799	-122.2632812
THREATS	2010-08-16 10:30:00	37.8062773	-122.2703864
PETTY THEFT	2010-08-24 07:03:00	37.8008496	-122.2732507
STOLEN VEHICLE	2010-08-23 23:00:00	37.8138789	-122.2684639
BURG - OTHER	2010-07-23 19:00:00	37.8033938	-122.2687667
BURG - RESIDENTIAL	2010-09-15 11:00:00	37.8068540	-122.2744750
NARCOTICS	2010-09-23 00:56:00	37.8068540	-122.2744750
NARCOTICS	2010-09-23 00:56:00	37.8068540	-122.2744750
RECOVERED O/S STOLEN	2010-07-22 09:00:00	37.8043722	-122.2708026
RECOVERED O/S STOLEN	2010-07-22 09:30:00	37.8043722	-122.2708026
PETTY THEFT	2010-10-12 22:10:00	37.8068380	-122.2702144
BURG - AUTO	2010-10-12 20:15:00	37.8044326	-122.2709189
BURG - AUTO	2010-08-24 10:00:00	37.8075870	-122.2700936
OTHER	2010-08-01 00:00:00	37.8068540	-122.2744750
BURG - AUTO	2010-09-20 00:00:00	37.8068518	-122.2702542
NARCOTICS	2010-10-01 11:28:00	37.8063791	-122.2654119
MISDEMEANOR ASSAULT	2010-09-30 16:30:00	37.8043722	-122.2708026
STOLEN VEHICLE	2010-09-30 12:30:00	37.8111644	-122.2798960
STOLEN AND RECOVERED VEHICLE	2010-10-10 01:00:00	37.8032104	-122.2748911
GRAND THEFT	2010-08-02 10:00:00	37.8029484	-122.2720313
DOMESTIC VIOLENCE	2010-10-06 15:30:00	37.8068540	-122.2744750
DISORDERLY CONDUCT	2010-08-04 15:40:00	37.8057690	-122.2652140
NARCOTICS	2010-10-30 00:17:00	37.8080235	-122.2643085
BURG - AUTO	2010-08-22 01:00:00	37.8112563	-122.2604808
STOLEN VEHICLE	2010-10-31 00:00:00	37.8144237	-122.2786695
NARCOTICS	2010-10-03 02:11:00	37.8164491	-122.2752712
NARCOTICS	2010-10-03 02:11:00	37.8164491	-122.2752712
NARCOTICS	2010-09-30 12:50:00	37.8068540	-122.2744750
NARCOTICS	2010-09-30 12:50:00	37.8068540	-122.2744750
THREATS	2010-08-19 04:00:00	37.8112893	-122.2691460
THREATS	2010-08-19 04:00:00	37.8112893	-122.2691460
MISDEMEANOR ASSAULT	2010-10-27 15:00:00	37.8116063	-122.2735303
MISDEMEANOR ASSAULT	2010-10-27 15:00:00	37.8116063	-122.2735303
PETTY THEFT	2010-07-16 17:00:00	37.8140621	-122.2647574
BURG - AUTO	2010-07-15 23:30:00	37.8183869	-122.2604424
GRAND THEFT	2010-07-15 16:40:00	37.8160809	-122.2777950
BURG - AUTO	2010-07-15 23:30:00	37.8183869	-122.2604424
GRAND THEFT	2010-10-03 23:05:00	37.8078220	-122.2685270
BURG - AUTO	2010-09-11 21:15:00	37.8066744	-122.2697851
PETTY THEFT	2010-07-22 20:10:00	37.8078220	-122.2685270
ROBBERY	2010-07-18 18:00:00	37.8043722	-122.2708026
GRAND THEFT	2010-07-26 00:00:00	37.8043722	-122.2708026
PETTY THEFT	2010-10-20 00:00:00	37.8068540	-122.2744750
OTHER	2010-10-21 00:00:00	37.8068540	-122.2744750
FELONY ASSAULT	2010-07-18 13:10:00	37.8015503	-122.2640362
NARCOTICS	2010-07-22 17:30:00	37.8150004	-122.2721639
MISDEMEANOR ASSAULT	2010-07-24 12:20:00	37.8075870	-122.2700936
GRAND THEFT	2010-09-26 01:00:00	37.8027056	-122.2692147
PETTY THEFT	2010-08-18 10:00:00	37.8118640	-122.2603230
STOLEN VEHICLE	2010-08-18 21:25:00	37.8138789	-122.2684639
GRAND THEFT	2010-09-01 06:30:00	37.8138789	-122.2684639
NARCOTICS	2010-09-01 10:56:00	37.8060460	-122.2748400
NARCOTICS	2010-09-01 10:56:00	37.8060460	-122.2748400
BURG - AUTO	2010-09-27 19:30:00	37.8078246	-122.2690874
VANDALISM	2010-08-07 23:00:00	37.8061122	-122.2705306
PETTY THEFT	2010-09-24 16:00:00	37.8065802	-122.2697398
DOMESTIC VIOLENCE	2010-09-28 08:15:00	37.8066841	-122.2749895
BURG - AUTO	2010-09-28 20:00:00	37.8071803	-122.2724230
BURG - AUTO	2010-09-28 20:00:00	37.8076178	-122.2736068
MISDEMEANOR ASSAULT	2010-07-22 00:00:00	37.8140621	-122.2647574
STOLEN VEHICLE	2010-07-21 07:00:00	37.8174243	-122.2629431
BURG - AUTO	2010-08-23 00:00:00	37.8132917	-122.2649111
PROSTITUTION	2010-08-31 18:56:00	37.8011910	-122.2664720
ROBBERY	2010-10-20 22:30:00	37.8142901	-122.2722881
ROBBERY	2010-10-20 22:10:00	37.8013086	-122.2656518
ROBBERY	2010-10-21 23:10:00	37.8024991	-122.2753260
NARCOTICS	2010-10-21 12:22:00	37.8010386	-122.2717021
GRAND THEFT	2010-07-26 00:00:00	37.8043722	-122.2708026
MISDEMEANOR ASSAULT	2010-10-20 22:30:00	37.8148702	-122.2751936
STOLEN VEHICLE	2010-11-09 21:00:00	37.8043722	-122.2708026
MISDEMEANOR ASSAULT	2010-11-10 18:00:00	37.8043722	-122.2708026
MISDEMEANOR ASSAULT	2010-08-18 19:30:00	37.8006861	-122.2749779
PETTY THEFT	2010-09-21 02:00:00	37.8050533	-122.2751869
BURG - AUTO	2010-09-20 21:00:00	37.8068518	-122.2702542
HOMICIDE	2010-08-23 21:20:00	37.8036273	-122.2715953
BURG - AUTO	2010-10-09 21:00:00	37.8087943	-122.2726298
VANDALISM	2010-10-10 10:00:00	37.8116900	-122.2716480
BURG - AUTO	2010-10-10 18:35:00	37.8066631	-122.2771246
BURG - AUTO	2010-10-10 21:30:00	37.8063385	-122.2719390
BURG - AUTO	2010-10-14 09:00:00	37.8059183	-122.2642660
VANDALISM	2010-10-19 12:00:00	37.8190772	-122.2672038
NARCOTICS	2010-10-10 23:14:00	37.8102391	-122.2778264
GRAND THEFT	2010-10-07 13:20:00	37.8038768	-122.2699566
BURG - AUTO	2010-10-31 13:00:00	37.8121569	-122.2662201
FELONY ASSAULT	2010-10-31 07:30:00	37.8076362	-122.2736099
PETTY THEFT	2010-10-02 15:45:00	37.8043722	-122.2708026
BURG - RESIDENTIAL	2010-10-06 14:00:00	37.8154028	-122.2703074
MISDEMEANOR ASSAULT	2010-08-12 11:00:00	37.8109161	-122.2669624
NARCOTICS	2010-10-06 12:26:00	37.8103542	-122.2694000
NARCOTICS	2010-10-06 12:26:00	37.8103542	-122.2694000
BURG - AUTO	2010-10-13 12:00:00	37.8076362	-122.2736099
BURG - RESIDENTIAL	2010-10-08 00:00:00	37.8116063	-122.2735303
GRAND THEFT	2010-08-20 10:10:00	37.8059526	-122.2729826
PETTY THEFT	2010-08-21 10:15:00	37.8014222	-122.2714622
STOLEN VEHICLE	2010-10-25 09:00:00	37.8154028	-122.2703074
BURG - AUTO	2010-10-07 21:00:00	37.8116184	-122.2726946
PETTY THEFT	2010-09-27 19:00:00	37.8183182	-122.2675062
STOLEN VEHICLE	2010-09-03 14:45:00	37.8029106	-122.2646558
FELONY ASSAULT	2010-08-15 01:00:00	37.8027469	-122.2688320
ROBBERY	2010-10-01 02:00:00	37.8033938	-122.2687667
MISDEMEANOR ASSAULT	2010-10-01 02:30:00	37.8111644	-122.2798960
NARCOTICS	2010-10-07 07:53:00	37.8138614	-122.2742502
BURG - AUTO	2010-10-10 11:30:00	37.8052866	-122.2780090
BURG - AUTO	2010-08-11 22:45:00	37.8174620	-122.2642000
VANDALISM	2010-07-21 05:00:00	37.8029866	-122.2764844
STOLEN VEHICLE	2010-09-30 10:58:00	37.8043722	-122.2708026
PETTY THEFT	2010-07-31 00:00:00	37.8180455	-122.2797843
GRAND THEFT	2010-09-03 10:00:00	37.8146678	-122.2682643
OTHER	2010-09-02 00:00:00	37.8068540	-122.2744750
MISDEMEANOR ASSAULT	2010-09-01 00:00:00	37.8138489	-122.2742703
MISDEMEANOR ASSAULT	2010-08-01 12:20:00	37.8061122	-122.2705306
ROBBERY	2010-10-03 08:12:00	37.8043722	-122.2708026
DOMESTIC VIOLENCE	2010-09-03 03:15:00	37.8068540	-122.2744750
MISDEMEANOR ASSAULT	2010-08-26 00:00:00	37.8116063	-122.2735303
GRAND THEFT	2010-08-28 00:00:00	37.8068540	-122.2744750
DOMESTIC VIOLENCE	2010-08-19 00:00:00	37.8057690	-122.2652140
STOLEN VEHICLE	2010-09-17 22:00:00	37.8043722	-122.2708026
DOMESTIC VIOLENCE	2010-09-18 10:37:00	37.8044326	-122.2709189
ROBBERY	2010-10-03 06:51:00	37.8154028	-122.2703074
PETTY THEFT	2010-08-24 00:00:00	37.8156033	-122.2793712
VANDALISM	2010-09-28 00:00:00	37.8029106	-122.2646558
BURG - AUTO	2010-11-10 01:32:00	37.8148702	-122.2751936
DISORDERLY CONDUCT	2010-11-10 00:00:00	37.8190791	-122.2769717
DOMESTIC VIOLENCE	2010-11-10 20:30:00	37.8019510	-122.2723600
BURG - RESIDENTIAL	2010-11-10 08:30:00	37.8083172	-122.2760880
BURG - AUTO	2010-10-05 18:30:00	37.8103542	-122.2694000
DRUNKENNESS	2010-09-02 00:00:00	37.8043722	-122.2708026
PETTY THEFT	2010-08-28 00:00:00	37.8011445	-122.2630318
BURG - AUTO	2010-10-13 16:00:00	37.8068540	-122.2744750
DOMESTIC VIOLENCE	2010-10-16 04:50:00	37.8154255	-122.2747306
BURG - RESIDENTIAL	2010-10-15 15:50:00	37.8115213	-122.2770106
MISDEMEANOR ASSAULT	2010-08-12 19:15:00	37.8164364	-122.2649379
THREATS	2010-09-21 17:00:00	37.8065199	-122.2745692
OTHER	2010-09-16 00:00:00	37.8068540	-122.2744750
VANDALISM	2010-09-22 14:00:00	37.8048822	-122.2725459
VANDALISM	2010-09-22 14:00:00	37.8048822	-122.2725459
ROBBERY	2010-09-22 13:40:00	37.8068540	-122.2744750
STOLEN VEHICLE	2010-09-28 21:00:00	37.8149054	-122.2750834
BURG - RESIDENTIAL	2010-11-06 15:00:00	37.8160990	-122.2732160
VANDALISM	2010-11-10 10:30:00	37.8043722	-122.2708026
MISDEMEANOR ASSAULT	2010-11-10 12:36:00	37.8068540	-122.2744750
DOMESTIC VIOLENCE	2010-11-10 00:00:00	37.8068540	-122.2744750
BURG - RESIDENTIAL	2010-11-10 13:10:00	37.8068540	-122.2744750
GRAND THEFT	2010-10-05 19:20:00	37.8075870	-122.2700936
MISDEMEANOR ASSAULT	2010-10-06 11:40:00	37.8081395	-122.2699253
GRAND THEFT	2010-10-07 12:30:00	37.8038768	-122.2699566
DRUNKENNESS	2010-10-19 11:25:00	37.8155315	-122.2747620
DRUNKENNESS	2010-09-04 00:00:00	37.8130746	-122.2713179
DRUNKENNESS	2010-10-17 16:40:00	37.8043722	-122.2708026
BURG - AUTO	2010-09-03 13:30:00	37.8068540	-122.2744750
ROBBERY	2010-10-05 21:10:00	37.8015322	-122.2625725
ROBBERY	2010-10-05 22:25:00	37.8010799	-122.2672792
ROBBERY	2010-10-02 01:50:00	37.8144763	-122.2634294
ROBBERY	2010-10-02 01:50:00	37.8144763	-122.2634294
MISDEMEANOR ASSAULT	2010-08-19 23:00:00	37.8109161	-122.2669624
PETTY THEFT	2010-09-22 00:00:00	37.8068540	-122.2744750
MISDEMEANOR ASSAULT	2010-09-22 12:32:00	37.8068518	-122.2702542
MISDEMEANOR ASSAULT	2010-09-22 12:32:00	37.8068518	-122.2702542
GRAND THEFT	2010-09-28 13:43:00	37.8065199	-122.2745692
BURG - AUTO	2010-09-27 15:30:00	37.8150851	-122.2682110
BURG - COMMERCIAL	2010-09-27 13:57:00	37.8084347	-122.2660490
MISDEMEANOR ASSAULT	2010-10-05 18:30:00	37.8102189	-122.2624698
MISDEMEANOR ASSAULT	2010-10-05 18:30:00	37.8102189	-122.2624698
GRAND THEFT	2010-08-11 09:10:00	37.8034010	-122.2731010
OTHER	2010-09-02 00:00:00	37.8068540	-122.2744750
DOMESTIC VIOLENCE	2010-09-07 00:00:00	37.8043722	-122.2708026
BURG - AUTO	2010-07-26 02:22:00	37.8114800	-122.2687150
BURG - AUTO	2010-07-26 02:22:00	37.8114800	-122.2687150
MISDEMEANOR ASSAULT	2010-09-02 10:00:00	37.8011445	-122.2630318
PETTY THEFT	2010-07-18 00:00:00	37.8068540	-122.2744750
OTHER	2010-09-21 00:00:00	37.8068540	-122.2744750
STOLEN VEHICLE	2010-07-21 14:30:00	37.8043722	-122.2708026
DOMESTIC VIOLENCE	2010-09-14 12:50:00	37.8165740	-122.2729769
PETTY THEFT	2010-09-12 22:00:00	37.8174255	-122.2715018
NARCOTICS	2010-09-13 04:11:00	37.8147960	-122.2750263
PETTY THEFT	2010-09-13 07:25:00	37.8155315	-122.2747620
PETTY THEFT	2010-09-13 08:20:00	37.8019510	-122.2723600
VANDALISM	2010-11-05 20:30:00	37.8081248	-122.2747632
MISDEMEANOR ASSAULT	2010-10-29 13:00:00	37.8068540	-122.2744750
FELONY ASSAULT	2010-10-09 19:00:00	37.8043722	-122.2708026
VANDALISM	2010-09-16 00:00:00	37.8123956	-122.2609289
PETTY THEFT	2010-09-02 20:03:00	37.8078220	-122.2685270
PETTY THEFT	2010-10-28 18:10:00	37.8138789	-122.2684639
MISDEMEANOR ASSAULT	2010-10-28 15:00:00	37.8001660	-122.2737088
VANDALISM	2010-08-07 17:30:00	37.8023715	-122.2620460
OTHER	2010-09-04 00:00:00	37.8043722	-122.2708026
OTHER	2010-09-12 00:00:00	37.8068540	-122.2744750
STOLEN VEHICLE	2010-09-01 17:00:00	37.8182519	-122.2740319
FELONY ASSAULT	2010-09-01 20:22:00	37.8130746	-122.2713179
MISDEMEANOR ASSAULT	2010-09-30 04:00:00	37.8024606	-122.2635214
DISORDERLY CONDUCT	2010-07-28 13:00:00	37.8024517	-122.2634861
PROSTITUTION	2010-08-18 15:04:00	37.8128117	-122.2762170
PROSTITUTION	2010-08-18 15:08:00	37.8185137	-122.2757817
MISDEMEANOR WARRANT	2010-10-09 22:15:00	37.8043722	-122.2708026
GRAND THEFT	2010-09-30 14:30:00	37.8068540	-122.2744750
VANDALISM	2010-07-16 14:45:00	37.8142060	-122.2647950
VANDALISM	2010-09-06 10:30:00	37.8116113	-122.2678719
PETTY THEFT	2010-10-01 18:30:00	37.8043722	-122.2708026
BURG - AUTO	2010-10-01 22:30:00	37.8065802	-122.2697398
THREATS	2010-09-04 00:30:00	37.8043722	-122.2708026
STOLEN VEHICLE	2010-10-11 18:22:00	37.8131355	-122.2791325
STOLEN VEHICLE	2010-08-06 23:30:00	37.8011496	-122.2761650
OTHER	2010-07-27 16:30:00	37.8023715	-122.2620460
ROBBERY	2010-09-14 10:15:00	37.8154028	-122.2703074
BURG - RESIDENTIAL	2010-10-11 10:30:00	37.8068540	-122.2744750
STOLEN VEHICLE	2010-10-24 13:30:00	37.8088553	-122.2729108
DOMESTIC VIOLENCE	2010-10-02 03:51:00	37.8039243	-122.2654911
GRAND THEFT	2010-09-13 13:00:00	37.8121569	-122.2662201
ROBBERY	2010-07-22 05:00:00	37.8106269	-122.2684580
MISDEMEANOR ASSAULT	2010-09-17 05:55:00	37.8182519	-122.2740319
DOMESTIC VIOLENCE	2010-09-30 01:05:00	37.8011445	-122.2630318
BURG - AUTO	2010-09-29 23:15:00	37.8088286	-122.2729009
MISDEMEANOR ASSAULT	2010-09-19 18:30:00	37.8024517	-122.2634861
MISDEMEANOR ASSAULT	2010-09-24 15:30:00	37.8109130	-122.2774461
PETTY THEFT	2010-09-25 15:45:00	37.8038380	-122.2665810
FELONY ASSAULT	2010-09-19 18:30:00	37.8024517	-122.2634861
BURG - RESIDENTIAL	2010-09-29 00:00:00	37.8043722	-122.2708026
PETTY THEFT	2010-09-30 22:30:00	37.8015500	-122.2713823
PETTY THEFT	2010-10-05 08:30:00	37.8113670	-122.2614230
BURG - AUTO	2010-09-17 00:50:00	37.8078888	-122.2723485
MISDEMEANOR ASSAULT	2010-11-03 10:00:00	37.8114432	-122.2736327
WEAPONS	2010-09-07 00:40:00	37.8182519	-122.2740319
BURG - COMMERCIAL	2010-08-13 19:15:00	37.8048822	-122.2725459
MISDEMEANOR ASSAULT	2010-11-03 17:14:00	37.8134510	-122.2608843
BURG - RESIDENTIAL	2010-10-29 12:00:00	37.8024517	-122.2634861
GRAND THEFT	2010-10-02 12:01:00	37.8103542	-122.2694000
DOMESTIC VIOLENCE	2010-10-03 22:28:00	37.8147960	-122.2750263
BURG - AUTO	2010-09-08 18:30:00	37.8118229	-122.2641718
BURG - AUTO	2010-10-07 09:15:00	37.8143712	-122.2650154
PETTY THEFT	2010-10-15 22:00:00	37.8033938	-122.2687667
BURG - RESIDENTIAL	2010-10-05 13:45:00	37.8039243	-122.2654911
VANDALISM	2010-10-03 02:55:00	37.8114800	-122.2687150
BURG - AUTO	2010-10-04 12:40:00	37.8068540	-122.2744750
GRAND THEFT	2010-09-23 07:00:00	37.8034090	-122.2729180
PETTY THEFT	2010-09-25 15:30:00	37.8068540	-122.2744750
BURG - AUTO	2010-09-26 10:00:00	37.8068540	-122.2744750
GRAND THEFT	2010-07-25 08:30:00	37.8148427	-122.2645126
BURG - RESIDENTIAL	2010-10-11 07:00:00	37.8043722	-122.2708026
DRUNKENNESS	2010-10-04 16:29:00	37.8043722	-122.2708026
OTHER	2010-08-13 16:30:00	37.8142060	-122.2647950
GRAND THEFT	2010-07-26 12:00:00	37.8011445	-122.2630318
MISDEMEANOR ASSAULT	2010-08-12 19:15:00	37.8164364	-122.2649379
ROBBERY	2010-09-06 20:29:00	37.8059350	-122.2633000
OTHER	2010-09-15 00:00:00	37.8068540	-122.2744750
STOLEN VEHICLE	2010-07-26 20:00:00	37.8043722	-122.2708026
MISDEMEANOR ASSAULT	2010-07-27 08:30:00	37.8043722	-122.2708026
STOLEN VEHICLE	2010-11-10 18:00:00	37.8134106	-122.2647490
PETTY THEFT	2010-08-06 00:00:00	37.8068540	-122.2744750
BURG - OTHER	2010-07-26 12:00:00	37.8043722	-122.2708026
ROBBERY	2010-07-26 11:15:00	37.8043722	-122.2708026
BURG - AUTO	2010-08-15 18:15:00	37.8068540	-122.2744750
ROBBERY	2010-07-25 09:30:00	37.8043722	-122.2708026
PETTY THEFT	2010-09-01 14:50:00	37.8068540	-122.2744750
DOMESTIC VIOLENCE	2010-09-01 15:45:00	37.8112563	-122.2604808
BURG - COMMERCIAL	2010-09-23 21:15:00	37.8053670	-122.2774127
MISDEMEANOR ASSAULT	2010-09-24 00:00:00	37.8068540	-122.2744750
FELONY ASSAULT	2010-09-17 11:00:00	37.8087943	-122.2726298
MISDEMEANOR ASSAULT	2010-09-16 17:03:00	37.8138774	-122.2684881
ROBBERY	2010-10-02 02:30:00	37.8036273	-122.2715953
BURG - OTHER	2010-10-08 23:00:00	37.8075870	-122.2700936
STOLEN VEHICLE	2010-10-04 23:00:00	37.8068540	-122.2744750
OTHER	2010-09-28 00:00:00	37.8068540	-122.2744750
MISDEMEANOR ASSAULT	2010-09-15 10:00:00	37.8044150	-122.2736670
MISDEMEANOR ASSAULT	2010-10-09 01:25:00	37.8138614	-122.2742502
BURG - OTHER	2010-10-09 00:08:00	37.8134510	-122.2608843
BURG - RESIDENTIAL	2010-09-15 00:00:00	37.8068540	-122.2744750
BURG - AUTO	2010-10-01 06:29:00	37.8157194	-122.2750432
ROBBERY	2010-10-15 11:00:00	37.8156210	-122.2676100
MISDEMEANOR ASSAULT	2010-09-23 23:25:00	37.8078246	-122.2690874
PETTY THEFT	2010-09-21 22:00:00	37.8060466	-122.2699085
PETTY THEFT	2010-07-31 16:00:00	37.8143712	-122.2650154
ROBBERY	2010-09-23 18:45:00	37.8149919	-122.2746347
ROBBERY	2010-09-23 18:45:00	37.8149919	-122.2746347
BURG - AUTO	2010-09-19 21:30:00	37.8114380	-122.2678961
PETTY THEFT	2010-09-21 18:00:00	37.8084347	-122.2660490
MISDEMEANOR ASSAULT	2010-09-19 23:30:00	37.8156210	-122.2676100
VANDALISM	2010-09-19 00:09:00	37.8182014	-122.2713118
NARCOTICS	2010-09-08 15:52:00	37.8029683	-122.2764594
MISDEMEANOR ASSAULT	2010-09-19 23:30:00	37.8156210	-122.2676100
MISDEMEANOR ASSAULT	2010-09-19 23:30:00	37.8156210	-122.2676100
NARCOTICS	2010-09-08 15:52:00	37.8029683	-122.2764594
PETTY THEFT	2010-09-17 23:00:00	37.8066841	-122.2749895
PETTY THEFT	2010-09-21 10:30:00	37.8138789	-122.2684639
PETTY THEFT	2010-08-20 12:57:00	37.8078220	-122.2685270
OTHER	2010-08-20 00:00:00	37.8068540	-122.2744750
PETTY THEFT	2010-09-08 00:00:00	37.8068540	-122.2744750
WEAPONS	2010-10-05 16:35:00	37.8109130	-122.2774461
WEAPONS	2010-10-05 16:35:00	37.8109130	-122.2774461
PETTY THEFT	2010-08-06 12:00:00	37.8003799	-122.2632812
PETTY THEFT	2010-09-08 11:00:00	37.8082108	-122.2696972
MISDEMEANOR ASSAULT	2010-09-04 00:50:00	37.8068540	-122.2744750
BURG - AUTO	2010-09-25 18:30:00	37.8115167	-122.2666286
FELONY ASSAULT	2010-09-12 23:50:00	37.8043722	-122.2708026
PETTY THEFT	2010-07-20 13:00:00	37.8060323	-122.2718154
VANDALISM	2010-07-28 21:30:00	37.8099323	-122.2750987
DRUNKENNESS	2010-09-28 00:00:00	37.8033938	-122.2687667
PROSTITUTION	2010-09-28 00:00:00	37.8039143	-122.2670046
RECOVERED O/S STOLEN	2010-10-14 18:30:00	37.8059705	-122.2796554
BURG - RESIDENTIAL	2010-07-17 00:01:00	37.8152280	-122.2780960
PETTY THEFT	2010-08-20 00:00:00	37.8068540	-122.2744750
DOMESTIC VIOLENCE	2010-10-14 22:30:00	37.8173384	-122.2676337
NARCOTICS	2010-10-08 18:40:00	37.8164491	-122.2752712
BURG - AUTO	2010-09-28 19:55:00	37.8071803	-122.2724230
BURG - AUTO	2010-09-01 21:00:00	37.8029340	-122.2661070
FELONY ASSAULT	2010-09-12 23:50:00	37.8043722	-122.2708026
PETTY THEFT	2010-09-02 12:35:00	37.8082108	-122.2696972
FELONY ASSAULT	2010-09-12 23:50:00	37.8043722	-122.2708026
BURG - AUTO	2010-07-26 20:30:00	37.8190118	-122.2646470
FELONY ASSAULT	2010-08-12 22:17:00	37.8160809	-122.2777950
NARCOTICS	2010-08-12 18:39:00	37.8156748	-122.2719734
FELONY ASSAULT	2010-07-21 11:48:00	37.8057050	-122.2720860
VANDALISM	2010-09-21 23:30:00	37.8133760	-122.2654238
PETTY THEFT	2010-09-21 22:00:00	37.8060466	-122.2699085
RECOVERED O/S STOLEN	2010-08-14 09:43:00	37.8088553	-122.2729108
RECOVERED O/S STOLEN	2010-08-14 09:43:00	37.8088553	-122.2729108
RECOVERED O/S STOLEN	2010-08-14 09:43:00	37.8088553	-122.2729108
BURG - AUTO	2010-09-04 11:00:00	37.8165740	-122.2729769
ROBBERY	2010-09-07 12:40:00	37.8052039	-122.2799131
DOMESTIC VIOLENCE	2010-10-11 23:30:00	37.8056615	-122.2766645
DOMESTIC VIOLENCE	2010-09-22 22:26:00	37.8123730	-122.2750699
DOMESTIC VIOLENCE	2010-09-19 11:05:00	37.8164364	-122.2649379
DRUNKENNESS	2010-10-02 00:17:00	37.8138614	-122.2742502
VANDALISM	2010-09-22 00:00:00	37.8043722	-122.2708026
PETTY THEFT	2010-10-20 19:30:00	37.8088553	-122.2729108
PETTY THEFT	2010-10-21 00:00:00	37.8068540	-122.2744750
NARCOTICS	2010-10-21 12:22:00	37.8010386	-122.2717021
NARCOTICS	2010-09-21 18:04:00	37.8066841	-122.2749895
NARCOTICS	2010-09-21 18:04:00	37.8066841	-122.2749895
ROBBERY	2010-09-22 14:00:00	37.8043722	-122.2708026
ROBBERY	2010-09-21 16:35:00	37.8145809	-122.2786277
ROBBERY	2010-09-21 16:35:00	37.8145809	-122.2786277
VANDALISM	2010-08-13 02:04:00	37.8170950	-122.2673250
PETTY THEFT	2010-10-26 00:00:00	37.8043722	-122.2708026
WEAPONS	2010-09-06 17:20:00	37.8043079	-122.2711613
MISDEMEANOR ASSAULT	2010-09-18 23:55:00	37.8098905	-122.2667325
FELONY ASSAULT	2010-09-06 13:07:00	37.8068540	-122.2744750
STOLEN AND RECOVERED VEHICLE	2010-09-24 00:00:00	37.8002853	-122.2735065
STOLEN VEHICLE	2010-11-03 01:30:00	37.8043722	-122.2708026
MISDEMEANOR ASSAULT	2010-09-22 00:00:00	37.8065199	-122.2745692
BURG - RESIDENTIAL	2010-08-19 15:50:00	37.8134510	-122.2608843
ROBBERY	2010-09-29 05:27:00	37.8022485	-122.2680455
ROBBERY	2010-09-29 05:27:00	37.8022485	-122.2680455
BURG - OTHER	2010-09-25 00:00:00	37.8043722	-122.2708026
DISORDERLY CONDUCT	2010-07-27 19:00:00	37.8111644	-122.2798960
STOLEN AND RECOVERED VEHICLE	2010-10-20 15:18:00	37.8043722	-122.2708026
PETTY THEFT	2010-10-21 08:30:00	37.8015500	-122.2713823
FELONY ASSAULT	2010-10-21 09:30:00	37.8007079	-122.2750010
STOLEN VEHICLE	2010-10-06 18:00:00	37.8156675	-122.2640288
BURG - RESIDENTIAL	2010-07-27 11:09:00	37.8068540	-122.2744750
BURG - COMMERCIAL	2010-07-15 03:00:00	37.8106269	-122.2684580
STOLEN VEHICLE	2010-10-14 14:30:00	37.8071008	-122.2739467
MISDEMEANOR ASSAULT	2010-09-14 16:50:00	37.8159540	-122.2781320
MISDEMEANOR ASSAULT	2010-09-14 16:50:00	37.8159540	-122.2781320
STOLEN AND RECOVERED VEHICLE	2010-08-27 14:00:00	37.8121569	-122.2662201
OTHER	2010-07-28 00:00:00	37.8068540	-122.2744750
THREATS	2010-08-06 14:00:00	37.8043722	-122.2708026
DRUNKENNESS	2010-09-15 00:00:00	37.8155315	-122.2747620
BURG - RESIDENTIAL	2010-11-04 17:00:00	37.8068540	-122.2744750
ROBBERY	2010-08-16 14:30:00	37.8180455	-122.2797843
DOMESTIC VIOLENCE	2010-07-19 00:00:00	37.8146678	-122.2682643
BURG - OTHER	2010-07-20 00:00:00	37.8068540	-122.2744750
NARCOTICS	2010-10-27 08:29:00	37.8147960	-122.2750263
FELONY ASSAULT	2010-09-13 11:05:00	37.8122870	-122.2657890
PETTY THEFT	2010-08-22 13:00:00	37.8001738	-122.2693447
OTHER	2010-09-11 00:00:00	37.8068540	-122.2744750
PETTY THEFT	2010-10-26 00:00:00	37.8043722	-122.2708026
DISORDERLY CONDUCT	2010-10-22 09:00:00	37.8022485	-122.2680455
VANDALISM	2010-08-20 07:00:00	37.8185480	-122.2791620
GRAND THEFT	2010-08-05 09:45:00	37.8041556	-122.2772523
MISDEMEANOR ASSAULT	2010-08-19 00:00:00	37.8068540	-122.2744750
GRAND THEFT	2010-10-20 14:30:00	37.8134825	-122.2686075
PROSTITUTION	2010-10-27 00:00:00	37.8043722	-122.2708026
MISDEMEANOR ASSAULT	2010-10-20 16:00:00	37.8091460	-122.2714890
BURG - COMMERCIAL	2010-09-29 00:00:00	37.8084347	-122.2660490
BURG - COMMERCIAL	2010-09-29 00:00:00	37.8084347	-122.2660490
FELONY ASSAULT	2010-09-29 02:46:00	37.8113670	-122.2614230
OTHER	2010-09-14 00:00:00	37.8068540	-122.2744750
OTHER	2010-09-14 00:00:00	37.8068540	-122.2744750
OTHER	2010-09-15 00:00:00	37.8068540	-122.2744750
OTHER	2010-10-23 17:40:00	37.8068540	-122.2744750
BURG - AUTO	2010-10-26 12:00:00	37.8122870	-122.2657890
BURG - AUTO	2010-09-12 01:16:00	37.8022485	-122.2680455
VANDALISM	2010-10-24 00:00:00	37.8109161	-122.2669624
BURG - AUTO	2010-09-12 01:35:00	37.8115167	-122.2666286
MISDEMEANOR ASSAULT	2010-10-27 21:30:00	37.8180455	-122.2797843
STOLEN VEHICLE	2010-08-08 02:19:00	37.8156675	-122.2640288
PETTY THEFT	2010-10-27 09:00:00	37.8020367	-122.2741530
GRAND THEFT	2010-10-14 18:30:00	37.8044326	-122.2709189
PETTY THEFT	2010-07-28 12:30:00	37.8155364	-122.2607255
STOLEN VEHICLE	2010-10-24 20:00:00	37.8145317	-122.2737927
NARCOTICS	2010-10-25 21:30:00	37.8137222	-122.2756514
DOMESTIC VIOLENCE	2010-10-25 07:45:00	37.8164491	-122.2752712
PETTY THEFT	2010-09-11 11:15:00	37.8068540	-122.2744750
DOMESTIC VIOLENCE	2010-08-19 17:15:00	37.8146672	-122.2682883
PROSTITUTION	2010-09-14 16:46:00	37.8172104	-122.2755280
PROSTITUTION	2010-09-14 16:46:00	37.8172104	-122.2755280
STOLEN VEHICLE	2010-10-26 21:45:00	37.8071296	-122.2720921
PROSTITUTION	2010-09-14 16:51:00	37.8159809	-122.2781236
GRAND THEFT	2010-09-05 00:20:00	37.8090318	-122.2681906
PETTY THEFT	2010-09-15 11:30:00	37.8078770	-122.2679990
BURG - AUTO	2010-09-17 02:30:00	37.8087844	-122.2726467
PETTY THEFT	2010-08-17 14:30:00	37.8164364	-122.2649379
PETTY THEFT	2010-08-17 09:00:00	37.8146654	-122.2702929
ROBBERY	2010-09-18 00:30:00	37.8057360	-122.2747570
PETTY THEFT	2010-09-18 10:29:00	37.8044326	-122.2709189
BURG - AUTO	2010-08-12 17:00:00	37.8037415	-122.2611735
VANDALISM	2010-09-29 12:55:00	37.8119790	-122.2689990
GRAND THEFT	2010-09-25 23:00:00	37.8099010	-122.2654980
BURG - AUTO	2010-09-10 13:00:00	37.8043722	-122.2708026
GRAND THEFT	2010-09-03 20:30:00	37.8038768	-122.2699566
VANDALISM	2010-09-29 05:30:00	37.8009075	-122.2777490
STOLEN VEHICLE	2010-07-31 21:00:00	37.8048425	-122.2693675
GRAND THEFT	2010-08-14 11:00:00	37.8050533	-122.2751869
BURG - AUTO	2010-09-28 23:00:00	37.8024557	-122.2664262
DOMESTIC VIOLENCE	2010-07-31 20:10:00	37.8048822	-122.2725459
MISDEMEANOR ASSAULT	2010-07-31 20:55:00	37.8123730	-122.2750699
PETTY THEFT	2010-07-31 22:06:00	37.8076177	-122.2690361
PETTY THEFT	2010-08-13 21:00:00	37.8068540	-122.2744750
BURG - AUTO	2010-08-14 21:30:00	37.8003613	-122.2632778
GRAND THEFT	2010-07-28 07:15:00	37.8068540	-122.2744750
GRAND THEFT	2010-07-28 07:15:00	37.8068540	-122.2744750
DOMESTIC VIOLENCE	2010-11-04 19:10:00	37.8168928	-122.2677283
BURG - AUTO	2010-09-19 16:00:00	37.8023715	-122.2620460
BURG - AUTO	2010-09-23 19:00:00	37.8075681	-122.2700748
PETTY THEFT	2010-09-23 21:05:00	37.8029500	-122.2720566
VANDALISM	2010-09-23 20:00:00	37.8043722	-122.2708026
BURG - AUTO	2010-09-23 20:00:00	37.8073076	-122.2677862
VANDALISM	2010-08-02 01:55:00	37.8081248	-122.2747632
STOLEN VEHICLE	2010-07-26 14:00:00	37.8081575	-122.2761709
DOMESTIC VIOLENCE	2010-08-15 09:30:00	37.8126650	-122.2715490
MISDEMEANOR ASSAULT	2010-08-01 18:49:00	37.8087943	-122.2726298
VANDALISM	2010-08-01 08:30:00	37.8113643	-122.2741356
BURG - AUTO	2010-09-11 11:00:00	37.8015261	-122.2684679
BURG - RESIDENTIAL	2010-11-05 13:45:00	37.8068540	-122.2744750
PROSTITUTION	2010-09-14 15:19:00	37.8147815	-122.2750192
VANDALISM	2010-08-21 00:30:00	37.8115402	-122.2770353
BURG - AUTO	2010-09-08 22:00:00	37.8019793	-122.2652152
PETTY THEFT	2010-09-08 14:00:00	37.8055100	-122.2700100
GRAND THEFT	2010-07-30 18:20:00	37.8043722	-122.2708026
BURG - AUTO	2010-08-11 23:45:00	37.8103324	-122.2693647
STOLEN VEHICLE	2010-09-16 20:00:00	37.8043722	-122.2708026
BURG - AUTO	2010-10-24 14:00:00	37.8134510	-122.2608843
MISDEMEANOR ASSAULT	2010-10-24 16:20:00	37.8066841	-122.2749895
DRUNKENNESS	2010-09-12 01:44:00	37.8043722	-122.2708026
DRUNKENNESS	2010-09-11 21:53:00	37.8036293	-122.2716206
STOLEN AND RECOVERED VEHICLE	2010-08-11 10:25:00	37.8194907	-122.2698143
BURG - AUTO	2010-07-31 23:40:00	37.8066744	-122.2697851
GRAND THEFT	2010-08-28 22:35:00	37.8075701	-122.2700503
VANDALISM	2010-09-06 01:00:00	37.8126171	-122.2727491
ROBBERY	2010-10-23 21:30:00	37.8096448	-122.2646066
RECOVERED O/S STOLEN	2010-10-23 23:10:00	37.8194907	-122.2698143
STOLEN VEHICLE	2010-10-05 19:00:00	37.8043722	-122.2708026
BURG - RESIDENTIAL	2010-07-30 15:52:00	37.8116900	-122.2716480
DOMESTIC VIOLENCE	2010-07-30 20:15:00	37.8183869	-122.2604424
BURG - AUTO	2010-10-24 08:54:00	37.8099980	-122.2720378
BURG - AUTO	2010-10-24 08:54:00	37.8099980	-122.2720378
GRAND THEFT	2010-08-28 11:45:00	37.8078220	-122.2685270
ROBBERY	2010-08-04 16:00:00	37.8057050	-122.2720860
RECOVERED O/S STOLEN	2010-08-04 16:12:00	37.8146654	-122.2702929
RECOVERED O/S STOLEN	2010-08-04 16:12:00	37.8146654	-122.2702929
GRAND THEFT	2010-09-23 00:00:00	37.8177737	-122.2785750
BURG - AUTO	2010-09-03 20:00:00	37.8068540	-122.2744750
BURG - AUTO	2010-09-07 02:00:00	37.8071181	-122.2721083
THREATS	2010-07-28 11:00:00	37.8119923	-122.2782041
VANDALISM	2010-07-22 14:00:00	37.8038380	-122.2665810
BURG - AUTO	2010-09-07 00:00:00	37.8011500	-122.2761866
PETTY THEFT	2010-08-19 19:20:00	37.8068540	-122.2744750
VANDALISM	2010-08-20 07:55:00	37.8108711	-122.2667721
BURG - RESIDENTIAL	2010-07-29 17:00:00	37.8181418	-122.2709526
OTHER	2010-11-05 00:00:00	37.8068540	-122.2744750
MISDEMEANOR ASSAULT	2010-11-05 03:10:00	37.8103542	-122.2694000
NARCOTICS	2010-09-25 01:56:00	37.8043722	-122.2708026
DOMESTIC VIOLENCE	2010-10-12 00:00:00	37.8043722	-122.2708026
STOLEN VEHICLE	2010-11-04 06:30:00	37.8043722	-122.2708026
PETTY THEFT	2010-10-05 10:30:00	37.8066744	-122.2697851
GRAND THEFT	2010-09-27 13:10:00	37.8043722	-122.2708026
BURG - AUTO	2010-09-23 07:30:00	37.8081248	-122.2747632
NARCOTICS	2010-09-24 19:06:00	37.8108846	-122.2734588
NARCOTICS	2010-09-24 19:06:00	37.8108846	-122.2734588
BURG - AUTO	2010-09-17 22:30:00	37.8076169	-122.2735857
BURG - AUTO	2010-07-20 02:11:00	37.8118683	-122.2641299
PETTY THEFT	2010-07-19 14:00:00	37.8011445	-122.2630318
PETTY THEFT	2010-09-17 18:45:00	37.8122870	-122.2657890
BURG - AUTO	2010-09-10 00:15:00	37.8066744	-122.2697851
GRAND THEFT	2010-09-27 12:10:00	37.8084347	-122.2660490
NARCOTICS	2010-07-29 16:26:00	37.8154028	-122.2703074
BURG - RESIDENTIAL	2010-10-11 11:30:00	37.8172933	-122.2798615
GRAND THEFT	2010-10-02 12:10:00	37.8068540	-122.2744750
BURG - AUTO	2010-09-17 00:00:00	37.8078888	-122.2723485
GRAND THEFT	2010-09-15 19:45:00	37.8075870	-122.2700936
PETTY THEFT	2010-10-18 00:00:00	37.8195681	-122.2790840
BURG - OTHER	2010-09-02 23:45:00	37.8193216	-122.2780537
BURG - COMMERCIAL	2010-08-07 17:06:00	37.8020551	-122.2741560
GRAND THEFT	2010-08-09 00:00:00	37.8043722	-122.2708026
STOLEN VEHICLE	2010-08-26 15:15:00	37.8055100	-122.2700100
WEAPONS	2010-08-27 20:30:00	37.8068540	-122.2744750
STOLEN VEHICLE	2010-07-24 18:30:00	37.8068540	-122.2744750
BURG - RESIDENTIAL	2010-07-24 18:30:00	37.8068540	-122.2744750
MISDEMEANOR ASSAULT	2010-09-18 01:30:00	37.8115167	-122.2666286
MISDEMEANOR ASSAULT	2010-07-29 02:10:00	37.8119568	-122.2689812
BURG - AUTO	2010-09-23 12:20:00	37.8084347	-122.2660490
BURG - AUTO	2010-09-23 12:20:00	37.8084347	-122.2660490
OTHER	2010-09-22 00:00:00	37.8068540	-122.2744750
PETTY THEFT	2010-09-22 00:00:00	37.8104642	-122.2783696
PETTY THEFT	2010-09-22 12:00:00	37.8104642	-122.2783696
PROSTITUTION	2010-09-17 21:15:00	37.8134603	-122.2758427
MISDEMEANOR ASSAULT	2010-10-26 00:01:00	37.8111644	-122.2798960
MISDEMEANOR ASSAULT	2010-10-26 00:01:00	37.8111644	-122.2798960
MISDEMEANOR ASSAULT	2010-10-24 01:30:00	37.8124083	-122.2676333
DOMESTIC VIOLENCE	2010-10-24 04:00:00	37.8022485	-122.2680455
RECOVERED O/S STOLEN	2010-10-24 02:31:00	37.8133076	-122.2649126
RECOVERED O/S STOLEN	2010-10-24 02:31:00	37.8133076	-122.2649126
STOLEN AND RECOVERED VEHICLE	2010-10-15 15:05:00	37.8031654	-122.2703625
STOLEN VEHICLE	2010-10-09 10:15:00	37.8043722	-122.2708026
BURG - OTHER	2010-10-25 13:00:00	37.8134106	-122.2647490
BURG - COMMERCIAL	2010-11-11 00:01:00	37.8038768	-122.2699566
BURG - COMMERCIAL	2010-10-11 03:04:00	37.8179441	-122.2755784
ROBBERY	2010-10-12 07:50:00	37.8153662	-122.2702748
ROBBERY	2010-10-12 07:50:00	37.8153662	-122.2702748
BURG - AUTO	2010-09-18 23:15:00	37.8071803	-122.2724230
DOMESTIC VIOLENCE	2010-10-20 01:50:00	37.8149844	-122.2721171
DOMESTIC VIOLENCE	2010-10-22 07:00:00	37.8123956	-122.2609289
POSSESSION - STOLEN PROPERTY	2010-10-22 20:43:00	37.8138789	-122.2684639
STOLEN VEHICLE	2010-09-10 08:00:00	37.8076169	-122.2735857
PETTY THEFT	2010-10-24 00:00:00	37.8043722	-122.2708026
MISDEMEANOR ASSAULT	2010-10-25 17:50:00	37.8154255	-122.2747306
STOLEN VEHICLE	2010-10-25 10:30:00	37.8006861	-122.2749779
ROBBERY	2010-10-25 20:29:00	37.8190938	-122.2770022
OTHER	2010-07-30 00:00:00	37.8068540	-122.2744750
OTHER	2010-07-28 00:00:00	37.8068540	-122.2744750
NARCOTICS	2010-08-04 11:22:00	37.8110716	-122.2692416
PETTY THEFT	2010-08-04 00:00:00	37.8068540	-122.2744750
MISDEMEANOR ASSAULT	2010-08-03 23:35:00	37.8024750	-122.2719230
PETTY THEFT	2010-10-07 08:20:00	37.8078770	-122.2679990
RECOVERED O/S STOLEN	2010-08-13 20:59:00	37.8196639	-122.2709449
STOLEN VEHICLE	2010-09-22 19:00:00	37.8068540	-122.2744750
OTHER	2010-09-23 00:00:00	37.8068540	-122.2744750
FELONY ASSAULT	2010-08-03 23:25:00	37.8075870	-122.2700936
MISDEMEANOR ASSAULT	2010-08-03 23:35:00	37.8024750	-122.2719230
PETTY THEFT	2010-09-20 00:00:00	37.8027590	-122.2780854
MISDEMEANOR ASSAULT	2010-09-22 21:00:00	37.8138789	-122.2684639
MISDEMEANOR ASSAULT	2010-09-04 00:00:00	37.8068540	-122.2744750
DOMESTIC VIOLENCE	2010-08-29 00:00:00	37.8013063	-122.2722687
MISDEMEANOR ASSAULT	2010-10-31 01:15:00	37.8019510	-122.2723600
FELONY ASSAULT	2010-09-23 01:50:00	37.8033938	-122.2687667
PETTY THEFT	2010-10-09 17:30:00	37.8114800	-122.2687150
VANDALISM	2010-11-07 10:00:00	37.8124113	-122.2609303
PETTY THEFT	2010-11-07 13:30:00	37.8114800	-122.2687150
BURG - RESIDENTIAL	2010-09-07 09:00:00	37.8013705	-122.2745624
DOMESTIC VIOLENCE	2010-09-08 00:00:00	37.8013705	-122.2745624
BURG - AUTO	2010-10-25 22:30:00	37.8142060	-122.2647950
PETTY THEFT	2010-10-18 17:45:00	37.8043722	-122.2708026
DOMESTIC VIOLENCE	2010-10-06 20:00:00	37.8011445	-122.2630318
DRUNKENNESS	2010-10-29 00:00:00	37.8162584	-122.2678642
DRUNKENNESS	2010-10-30 01:43:00	37.8011445	-122.2630318
MISDEMEANOR ASSAULT	2010-10-22 14:11:00	37.8011445	-122.2630318
GRAND THEFT	2010-07-27 07:30:00	37.8043722	-122.2708026
GRAND THEFT	2010-08-31 00:00:00	37.8043722	-122.2708026
PETTY THEFT	2010-09-07 16:46:00	37.8174657	-122.2630790
STOLEN VEHICLE	2010-09-07 05:30:00	37.8068540	-122.2744750
PETTY THEFT	2010-09-07 16:46:00	37.8174657	-122.2630790
BURG - AUTO	2010-10-28 01:30:00	37.8095378	-122.2739003
PETTY THEFT	2010-10-30 00:00:00	37.8000479	-122.2750550
ROBBERY	2010-07-28 13:10:00	37.8043722	-122.2708026
MISDEMEANOR ASSAULT	2010-11-01 05:53:00	37.8048425	-122.2693675
MISDEMEANOR ASSAULT	2010-11-01 05:53:00	37.8048425	-122.2693675
MISDEMEANOR ASSAULT	2010-10-29 01:52:00	37.8098905	-122.2667325
STOLEN VEHICLE	2010-10-28 11:30:00	37.8131839	-122.2637977
BURG - COMMERCIAL	2010-10-28 19:00:00	37.8142160	-122.2643180
THREATS	2010-10-28 20:30:00	37.8013085	-122.2656302
MISCELLANEOUS TRAFFIC CRIME	2010-07-21 14:10:00	37.8043722	-122.2708026
PROSTITUTION	2010-11-04 00:09:00	37.8104642	-122.2783696
DOMESTIC VIOLENCE	2010-11-04 00:35:00	37.8058803	-122.2794905
PETTY THEFT	2010-11-04 01:44:00	37.8022485	-122.2680455
GRAND THEFT	2010-10-31 22:00:00	37.8088286	-122.2729009
DOMESTIC VIOLENCE	2010-10-16 00:05:00	37.8138614	-122.2742502
PETTY THEFT	2010-10-16 01:30:00	37.8068380	-122.2702144
BURG - AUTO	2010-09-07 07:15:00	37.8122870	-122.2657890
NARCOTICS	2012-01-01 11:05:00	37.8138489	-122.2742703
GRAND THEFT	2010-09-01 15:00:00	37.8043722	-122.2708026
BURG - AUTO	2010-09-05 13:00:00	37.8068540	-122.2744750
VANDALISM	2010-09-07 17:20:00	37.8126160	-122.2688042
BURG - AUTO	2010-08-23 11:30:00	37.8068540	-122.2744750
RECOVERED O/S STOLEN	2010-08-20 17:16:00	37.8043722	-122.2708026
MISDEMEANOR ASSAULT	2010-08-20 18:25:00	37.8066841	-122.2749895
BURG - RESIDENTIAL	2010-08-20 18:00:00	37.8174255	-122.2715018
BURG - AUTO	2010-07-22 18:00:00	37.8071181	-122.2721083
GRAND THEFT	2010-07-22 21:15:00	37.8068540	-122.2744750
FELONY ASSAULT	2010-08-20 12:04:00	37.8159637	-122.2781187
FELONY ASSAULT	2010-08-20 12:04:00	37.8159637	-122.2781187
STOLEN VEHICLE	2010-08-19 21:40:00	37.8043722	-122.2708026
FELONY ASSAULT	2010-08-20 12:04:00	37.8159637	-122.2781187
BURG - AUTO	2010-10-16 17:21:00	37.8185480	-122.2791620
STOLEN VEHICLE	2010-10-15 17:00:00	37.8114336	-122.2620475
DOMESTIC VIOLENCE	2010-10-16 17:05:00	37.8156748	-122.2719734
BURG - AUTO	2010-10-16 14:37:00	37.8121568	-122.2650988
BURG - AUTO	2010-10-16 17:21:00	37.8185480	-122.2791620
DOMESTIC VIOLENCE	2010-08-28 02:00:00	37.8148702	-122.2751936
OTHER	2010-07-29 00:00:00	37.8068540	-122.2744750
OTHER	2010-07-28 00:00:00	37.8073076	-122.2677862
RECOVERED O/S STOLEN	2010-07-31 17:13:00	37.8149844	-122.2721171
RECOVERED O/S STOLEN	2010-07-31 17:13:00	37.8149844	-122.2721171
BURG - RESIDENTIAL	2010-11-03 12:00:00	37.8195681	-122.2790840
NARCOTICS	2010-07-26 23:46:00	37.8164491	-122.2752712
OTHER	2010-07-27 00:00:00	37.8057050	-122.2720860
BURG - RESIDENTIAL	2010-10-14 08:00:00	37.8043722	-122.2708026
PETTY THEFT	2010-07-31 00:00:00	37.8068540	-122.2744750
OTHER	2010-10-31 00:00:00	37.8068540	-122.2744750
PETTY THEFT	2010-07-28 00:00:00	37.8068540	-122.2744750
GRAND THEFT	2010-08-30 12:15:00	37.8089360	-122.2646920
BURG - AUTO	2010-08-12 22:00:00	37.8156675	-122.2640288
GRAND THEFT	2010-08-14 08:50:00	37.8112563	-122.2604808
BURG - AUTO	2010-08-13 19:00:00	37.8157015	-122.2640990
BURG - RESIDENTIAL	2010-08-12 13:05:00	37.8185907	-122.2782892
DOMESTIC VIOLENCE	2010-07-30 21:00:00	37.8081233	-122.2747425
ROBBERY	2010-07-31 02:01:00	37.8061881	-122.2685149
ROBBERY	2010-08-08 11:47:00	37.8044326	-122.2709189
DOMESTIC VIOLENCE	2010-08-08 15:09:00	37.8131480	-122.2788060
BURG - AUTO	2010-08-08 21:00:00	37.8068540	-122.2744750
OTHER	2010-08-12 17:30:00	37.8068540	-122.2744750
BURG - AUTO	2010-11-09 08:00:00	37.8104397	-122.2763012
BURG - AUTO	2010-11-09 14:00:00	37.8024919	-122.2708332
STOLEN VEHICLE	2010-07-30 22:00:00	37.8121569	-122.2662201
RECOVERED O/S STOLEN	2010-10-16 02:40:00	37.8043722	-122.2708026
NARCOTICS	2010-08-07 19:30:00	37.8043722	-122.2708026
ROBBERY	2010-08-08 02:30:00	37.8138774	-122.2684881
VANDALISM	2010-11-08 20:25:00	37.8114357	-122.2668136
BURG - AUTO	2010-11-08 19:00:00	37.8043722	-122.2708026
BURG - AUTO	2010-11-05 18:00:00	37.8115167	-122.2666286
PETTY THEFT	2010-10-31 20:30:00	37.8068540	-122.2744750
NARCOTICS	2010-07-16 09:51:00	37.8116900	-122.2716480
GRAND THEFT	2010-11-08 14:15:00	37.8068540	-122.2744750
ROBBERY	2010-07-29 20:15:00	37.8082920	-122.2790803
NARCOTICS	2010-07-29 20:57:00	37.8149844	-122.2721171
FELONY ASSAULT	2010-07-29 22:16:00	37.8191334	-122.2710795
NARCOTICS	2010-07-30 23:40:00	37.8162584	-122.2678642
NARCOTICS	2010-07-30 23:40:00	37.8162584	-122.2678642
BURG - RESIDENTIAL	2010-07-26 00:00:00	37.8031654	-122.2703625
DOMESTIC VIOLENCE	2010-07-28 16:00:00	37.8182401	-122.2739967
PETTY THEFT	2010-07-29 00:00:00	37.8114336	-122.2620475
DOMESTIC VIOLENCE	2010-07-29 12:15:00	37.8043722	-122.2708026
BURG - COMMERCIAL	2010-10-15 04:50:00	37.8068540	-122.2744750
STOLEN VEHICLE	2010-08-07 11:00:00	37.8154028	-122.2703074
ROBBERY	2010-09-12 15:09:00	37.8066841	-122.2749895
BURG - AUTO	2010-09-07 02:00:00	37.8076178	-122.2736068
VANDALISM	2010-08-28 23:00:00	37.8105995	-122.2650382
BURG - AUTO	2010-08-30 00:00:00	37.8089172	-122.2785532
NARCOTICS	2010-08-07 01:21:00	37.8138614	-122.2742502
NARCOTICS	2010-08-07 01:21:00	37.8138614	-122.2742502
NARCOTICS	2010-08-07 01:21:00	37.8138614	-122.2742502
ROBBERY	2010-08-07 02:00:00	37.8157194	-122.2750432
DOMESTIC VIOLENCE	2010-11-03 16:00:00	37.8157194	-122.2750432
GRAND THEFT	2010-09-10 16:38:00	37.8029106	-122.2646558
GRAND THEFT	2010-09-10 16:38:00	37.8029106	-122.2646558
BURG - AUTO	2010-08-29 03:00:00	37.8114869	-122.2653716
GRAND THEFT	2010-11-04 17:35:00	37.8090318	-122.2681906
PETTY THEFT	2010-10-30 00:30:00	37.8004204	-122.2721235
PETTY THEFT	2010-09-05 11:15:00	37.8078220	-122.2685270
ROBBERY	2010-08-26 13:00:00	37.8043722	-122.2708026
BURG - AUTO	2010-09-27 19:40:00	37.8190118	-122.2646470
VANDALISM	2010-09-27 20:15:00	37.8076178	-122.2736068
BURG - AUTO	2010-09-27 15:00:00	37.8150670	-122.2681951
DOMESTIC VIOLENCE	2010-10-18 14:20:00	37.8143879	-122.2683867
FELONY ASSAULT	2010-10-18 16:11:00	37.8114800	-122.2687150
VANDALISM	2010-09-13 00:31:00	37.8164464	-122.2649838
NARCOTICS	2010-09-06 10:54:00	37.8068804	-122.2755362
GRAND THEFT	2010-10-24 13:00:00	37.8061743	-122.2684875
MISDEMEANOR ASSAULT	2010-08-21 20:39:00	37.8119790	-122.2689990
DOMESTIC VIOLENCE	2010-09-26 18:00:00	37.8154197	-122.2747530
DOMESTIC VIOLENCE	2010-09-26 18:00:00	37.8154197	-122.2747530
ROBBERY	2010-07-16 00:38:00	37.8029484	-122.2720313
MISDEMEANOR ASSAULT	2010-07-16 00:41:00	37.8142060	-122.2647950
BURG - RESIDENTIAL	2010-07-15 09:15:00	37.8023715	-122.2620460
DOMESTIC VIOLENCE	2010-07-15 19:00:00	37.8128310	-122.2762412
VANDALISM	2010-08-26 00:00:00	37.8043632	-122.2756381
MISDEMEANOR ASSAULT	2010-09-24 21:38:00	37.8134825	-122.2686075
ROBBERY	2010-09-24 21:50:00	37.8151619	-122.2663332
FELONY ASSAULT	2010-09-26 05:36:00	37.8095378	-122.2739003
VANDALISM	2010-10-23 15:20:00	37.8121568	-122.2650988
ROBBERY	2010-09-04 00:40:00	37.8065802	-122.2697398
FELONY ASSAULT	2010-09-04 01:00:00	37.8078220	-122.2685270
GRAND THEFT	2010-10-21 00:00:00	37.8027672	-122.2662108
GRAND THEFT	2010-10-20 18:10:00	37.8015503	-122.2640362
BURG - AUTO	2010-10-22 14:30:00	37.8065587	-122.2790941
VANDALISM	2010-10-22 20:05:00	37.8022485	-122.2680455
BURG - AUTO	2010-10-22 19:40:00	37.8121568	-122.2650988
BURG - AUTO	2010-10-22 10:30:00	37.8052810	-122.2685230
ROBBERY	2010-08-21 23:45:00	37.8163690	-122.2717981
BURG - AUTO	2010-09-06 01:30:00	37.8043722	-122.2708026
NARCOTICS	2010-08-04 11:22:00	37.8110716	-122.2692416
PETTY THEFT	2010-08-23 00:00:00	37.8068540	-122.2744750
NARCOTICS	2010-12-29 22:10:00	37.8155315	-122.2747620
NARCOTICS	2010-12-29 22:10:00	37.8155315	-122.2747620
DOMESTIC VIOLENCE	2010-08-29 00:00:00	37.8013063	-122.2722687
ROBBERY	2010-08-24 23:00:00	37.8061122	-122.2705306
MISDEMEANOR ASSAULT	2010-09-25 20:57:00	37.8043722	-122.2708026
BURG - RESIDENTIAL	2010-08-26 14:46:00	37.8185907	-122.2782892
NARCOTICS	2010-10-14 17:30:00	37.8164491	-122.2752712
ROBBERY	2010-08-05 00:10:00	37.8097055	-122.2695138
GRAND THEFT	2010-08-04 08:00:00	37.8133076	-122.2649126
GRAND THEFT	2010-09-28 13:30:00	37.8073076	-122.2677862
PETTY THEFT	2010-10-14 12:30:00	37.8068540	-122.2744750
STOLEN VEHICLE	2010-10-13 13:15:00	37.8068540	-122.2744750
ROBBERY	2010-10-13 19:30:00	37.8131355	-122.2791325
NARCOTICS	2010-08-06 16:22:00	37.8084347	-122.2660490
STOLEN VEHICLE	2010-08-05 05:30:00	37.8043722	-122.2708026
FELONY ASSAULT	2010-10-13 18:50:00	37.8043722	-122.2708026
STOLEN AND RECOVERED VEHICLE	2010-08-06 13:31:00	37.8092619	-122.2737180
NARCOTICS	2010-10-13 16:15:00	37.8053671	-122.2677147
NARCOTICS	2010-10-13 16:15:00	37.8053671	-122.2677147
DOMESTIC VIOLENCE	2010-09-16 00:00:00	37.8068540	-122.2744750
PETTY THEFT	2010-09-16 16:30:00	37.8043079	-122.2711613
BURG - AUTO	2010-11-08 09:15:00	37.8046981	-122.2635887
BURG - RESIDENTIAL	2010-11-08 09:45:00	37.8068540	-122.2744750
DOMESTIC VIOLENCE	2010-08-27 00:00:00	37.8043722	-122.2708026
GRAND THEFT	2010-10-09 19:30:00	37.8029340	-122.2661070
THREATS	2010-07-17 12:00:00	37.8048425	-122.2693675
THREATS	2010-07-17 12:00:00	37.8048425	-122.2693675
OTHER	2010-07-16 22:15:00	37.8114336	-122.2620475
MISDEMEANOR ASSAULT	2010-07-16 18:40:00	37.8121645	-122.2766070
DOMESTIC VIOLENCE	2010-08-03 17:00:00	37.8048822	-122.2725459
BURG - RESIDENTIAL	2010-07-16 13:00:00	37.8115213	-122.2770106
DOMESTIC VIOLENCE	2010-08-02 19:17:00	37.8109130	-122.2774461
MISDEMEANOR ASSAULT	2010-08-02 19:39:00	37.8044326	-122.2709189
DOMESTIC VIOLENCE	2010-07-21 02:30:00	37.8039243	-122.2654911
BURG - AUTO	2010-08-02 22:55:00	37.8071008	-122.2739467
DOMESTIC VIOLENCE	2010-09-18 00:00:00	37.8068540	-122.2744750
DOMESTIC VIOLENCE	2010-09-17 00:00:00	37.8068540	-122.2744750
PETTY THEFT	2010-09-16 00:00:00	37.8043079	-122.2711613
PETTY THEFT	2010-09-02 00:00:00	37.8068540	-122.2744750
MISDEMEANOR ASSAULT	2010-09-09 13:57:00	37.8013085	-122.2656302
GRAND THEFT	2010-07-24 16:45:00	37.8043722	-122.2708026
GRAND THEFT	2010-09-15 19:00:00	37.8075870	-122.2700936
BURG - AUTO	2010-09-15 21:15:00	37.8071181	-122.2721083
GRAND THEFT	2010-08-13 16:00:00	37.8075870	-122.2700936
BURG - RESIDENTIAL	2010-08-28 04:55:00	37.8087943	-122.2726298
DOMESTIC VIOLENCE	2010-07-17 04:00:00	37.8071008	-122.2739467
FELONY ASSAULT	2010-07-17 06:48:00	37.8081575	-122.2761709
NARCOTICS	2010-09-16 11:20:00	37.8112893	-122.2691460
BURG - AUTO	2010-08-28 22:30:00	37.8108846	-122.2734588
ROBBERY	2010-07-17 09:30:00	37.8088089	-122.2666680
DOMESTIC VIOLENCE	2010-07-16 19:30:00	37.8126650	-122.2715490
DOMESTIC VIOLENCE	2010-07-16 19:46:00	37.8073076	-122.2677862
ROBBERY	2010-07-16 21:10:00	37.8138789	-122.2684639
ROBBERY	2010-10-16 20:41:00	37.8082108	-122.2696972
VANDALISM	2010-10-23 09:00:00	37.8083314	-122.2660678
DOMESTIC VIOLENCE	2010-10-17 00:34:00	37.8139730	-122.2759570
FELONY ASSAULT	2010-10-17 01:32:00	37.8138789	-122.2684639
FELONY ASSAULT	2010-09-06 02:16:00	37.8068518	-122.2702542
FELONY ASSAULT	2010-09-06 02:16:00	37.8068518	-122.2702542
BURG - RESIDENTIAL	2010-10-13 08:02:00	37.8160110	-122.2616320
NARCOTICS	2010-07-15 11:51:00	37.8110716	-122.2692416
STOLEN VEHICLE	2010-10-19 00:23:00	37.8146131	-122.2797397
STOLEN VEHICLE	2010-10-19 00:23:00	37.8146131	-122.2797397
RECOVERED O/S STOLEN	2010-10-19 07:40:00	37.8137222	-122.2756514
GRAND THEFT	2010-09-06 00:00:00	37.8123956	-122.2609289
MISDEMEANOR ASSAULT	2010-07-21 00:00:00	37.8043722	-122.2708026
NARCOTICS	2010-08-03 00:51:00	37.8102391	-122.2778264
ROBBERY	2010-10-18 22:55:00	37.8017822	-122.2668523
NARCOTICS	2010-09-05 15:00:00	37.8029326	-122.2675742
NARCOTICS	2010-09-05 15:00:00	37.8029326	-122.2675742
VANDALISM	2010-10-24 00:25:00	37.8126349	-122.2688220
VANDALISM	2010-09-03 21:00:00	37.8078220	-122.2685270
OTHER	2010-09-27 09:25:00	37.8057020	-122.2715340
GRAND THEFT	2010-09-16 11:00:00	37.8126650	-122.2715490
MISDEMEANOR ASSAULT	2010-09-24 17:00:00	37.8066841	-122.2749895
ROBBERY	2010-07-15 12:00:00	37.8014222	-122.2714622
PETTY THEFT	2010-09-28 10:05:00	37.8170389	-122.2709984
MISDEMEANOR ASSAULT	2010-09-25 04:45:00	37.8060466	-122.2699085
ROBBERY	2010-08-01 01:55:00	37.8003799	-122.2632812
ROBBERY	2010-08-01 01:55:00	37.8003799	-122.2632812
NARCOTICS	2010-09-05 15:00:00	37.8029326	-122.2675742
GRAND THEFT	2010-07-29 15:28:00	37.8083314	-122.2660678
RECOVERED O/S STOLEN	2010-08-02 08:00:00	37.8075870	-122.2700936
MISDEMEANOR ASSAULT	2010-07-29 00:00:00	37.8029326	-122.2675742
PETTY THEFT	2010-07-20 00:00:00	37.8068540	-122.2744750
NARCOTICS	2010-08-02 11:20:00	37.8080031	-122.2645466
NARCOTICS	2010-08-02 11:20:00	37.8080031	-122.2645466
FELONY ASSAULT	2010-08-03 09:13:00	37.8024517	-122.2634861
FELONY ASSAULT	2010-08-03 09:13:00	37.8024517	-122.2634861
OTHER	2010-07-24 00:00:00	37.8056418	-122.2766227
OTHER	2010-07-24 00:00:00	37.8056418	-122.2766227
ROBBERY	2010-08-03 11:00:00	37.8043722	-122.2708026
BURG - AUTO	2010-10-17 21:35:00	37.8114800	-122.2687150
VANDALISM	2010-10-31 20:15:00	37.8109130	-122.2774461
BURG - RESIDENTIAL	2010-07-31 18:00:00	37.8165740	-122.2729769
BURG - RESIDENTIAL	2010-07-31 18:00:00	37.8165740	-122.2729769
PROSTITUTION	2010-10-27 00:00:00	37.8043722	-122.2708026
PETTY THEFT	2010-08-03 00:00:00	37.8043722	-122.2708026
MISDEMEANOR ASSAULT	2010-08-03 14:15:00	37.8043722	-122.2708026
STOLEN VEHICLE	2010-08-02 23:30:00	37.8170950	-122.2673250
PETTY THEFT	2010-11-01 08:35:00	37.8052810	-122.2685230
VANDALISM	2010-10-31 22:00:00	37.8036567	-122.2760607
BURG - AUTO	2010-11-04 08:00:00	37.8063791	-122.2654119
NARCOTICS	2010-09-25 09:20:00	37.8043722	-122.2708026
RECOVERED O/S STOLEN	2010-09-25 18:55:00	37.8186419	-122.2754830
RECOVERED O/S STOLEN	2010-09-25 18:55:00	37.8186419	-122.2754830
RECOVERED O/S STOLEN	2010-09-25 18:55:00	37.8186419	-122.2754830
VANDALISM	2010-09-09 00:00:00	37.8195009	-122.2760933
GRAND THEFT	2010-09-24 16:35:00	37.8114500	-122.2648230
BURG - AUTO	2010-11-03 09:00:00	37.8131355	-122.2791325
GRAND THEFT	2010-10-14 00:00:00	37.8126650	-122.2715490
STOLEN VEHICLE	2010-10-14 17:00:00	37.8130848	-122.2629379
PETTY THEFT	2010-10-15 07:00:00	37.8105641	-122.2729453
FELONY ASSAULT	2010-10-15 11:45:00	37.8007079	-122.2750010
FELONY ASSAULT	2010-10-15 12:59:00	37.8073076	-122.2677862
DOMESTIC VIOLENCE	2010-10-17 09:46:00	37.8076362	-122.2736099
MISDEMEANOR ASSAULT	2010-10-17 17:32:00	37.8114800	-122.2687150
BURG - RESIDENTIAL	2010-07-21 13:43:00	37.8145317	-122.2737927
VANDALISM	2010-09-23 20:30:00	37.8091270	-122.2705310
NARCOTICS	2010-08-30 10:43:00	37.8110716	-122.2692416
OTHER	2010-08-30 00:00:00	37.8068540	-122.2744750
BURG - AUTO	2010-08-30 09:00:00	37.8068540	-122.2744750
OTHER	2010-08-30 00:00:00	37.8068540	-122.2744750
PETTY THEFT	2010-08-29 17:48:00	37.8173384	-122.2676337
BURG - AUTO	2010-09-26 17:35:00	37.8078888	-122.2723485
FELONY ASSAULT	2010-10-17 06:41:00	37.8068540	-122.2744750
